,density,minority_pc,homophily,distaste,Run,cluster_count,cluster_size_avarage,happy,height,width
0,0.3,0.1,1,0.0,0,5,3.0,278,30,30
1,0.3,0.1,1,0.0,1,6,3.33,271,30,30
2,0.3,0.1,1,0.0,2,5,3.6,233,30,30
3,0.3,0.1,1,0.0,3,7,2.71,274,30,30
4,0.3,0.1,1,0.0,4,8,3.62,251,30,30
5,0.3,0.1,1,0.0,5,10,3.2,290,30,30
6,0.3,0.1,1,0.0,6,8,3.38,267,30,30
7,0.3,0.1,1,0.0,7,11,2.73,251,30,30
8,0.3,0.1,1,0.0,8,8,3.5,266,30,30
9,0.3,0.1,1,0.0,9,9,2.78,277,30,30
10,0.3,0.1,1,0.5,10,8,5.0,274,30,30
11,0.3,0.1,1,0.5,11,4,7.75,284,30,30
12,0.3,0.1,1,0.5,12,5,6.2,281,30,30
13,0.3,0.1,1,0.5,13,8,4.62,296,30,30
14,0.3,0.1,1,0.5,14,3,8.33,281,30,30
15,0.3,0.1,1,0.5,15,7,4.0,249,30,30
16,0.3,0.1,1,0.5,16,5,5.0,293,30,30
17,0.3,0.1,1,0.5,17,6,3.67,257,30,30
18,0.3,0.1,1,0.5,18,2,11.0,258,30,30
19,0.3,0.1,1,0.5,19,6,4.67,263,30,30
20,0.3,0.1,1,1.0,20,2,9.5,275,30,30
21,0.3,0.1,1,1.0,21,4,7.25,313,30,30
22,0.3,0.1,1,1.0,22,5,5.2,267,30,30
23,0.3,0.1,1,1.0,23,2,9.5,285,30,30
24,0.3,0.1,1,1.0,24,6,4.33,287,30,30
25,0.3,0.1,1,1.0,25,2,8.5,269,30,30
26,0.3,0.1,1,1.0,26,8,4.38,284,30,30
27,0.3,0.1,1,1.0,27,3,9.33,262,30,30
28,0.3,0.1,1,1.0,28,5,4.4,258,30,30
29,0.3,0.1,1,1.0,29,2,12.0,275,30,30
30,0.3,0.1,1,1.5,30,6,4.5,266,30,30
31,0.3,0.1,1,1.5,31,8,3.62,260,30,30
32,0.3,0.1,1,1.5,32,6,5.83,278,30,30
33,0.3,0.1,1,1.5,33,6,5.67,285,30,30
34,0.3,0.1,1,1.5,34,8,4.62,271,30,30
35,0.3,0.1,1,1.5,35,7,4.71,254,30,30
36,0.3,0.1,1,1.5,36,4,8.0,285,30,30
37,0.3,0.1,1,1.5,37,7,3.14,271,30,30
38,0.3,0.1,1,1.5,38,4,7.75,270,30,30
39,0.3,0.1,1,1.5,39,7,5.57,282,30,30
40,0.3,0.1,1,2.0,40,6,4.67,283,30,30
41,0.3,0.1,1,2.0,41,9,3.33,274,30,30
42,0.3,0.1,1,2.0,42,7,3.71,251,30,30
43,0.3,0.1,1,2.0,43,6,5.0,274,30,30
44,0.3,0.1,1,2.0,44,4,5.25,264,30,30
45,0.3,0.1,1,2.0,45,6,4.5,288,30,30
46,0.3,0.1,1,2.0,46,3,8.67,290,30,30
47,0.3,0.1,1,2.0,47,6,4.67,245,30,30
48,0.3,0.1,1,2.0,48,5,4.8,278,30,30
49,0.3,0.1,1,2.0,49,5,5.6,294,30,30
50,0.3,0.1,2,0.0,50,3,10.33,246,30,30
51,0.3,0.1,2,0.0,51,3,11.33,285,30,30
52,0.3,0.1,2,0.0,52,5,6.2,276,30,30
53,0.3,0.1,2,0.0,53,3,9.67,251,30,30
54,0.3,0.1,2,0.0,54,2,11.0,253,30,30
55,0.3,0.1,2,0.0,55,3,10.0,269,30,30
56,0.3,0.1,2,0.0,56,2,10.0,258,30,30
57,0.3,0.1,2,0.0,57,4,7.0,266,30,30
58,0.3,0.1,2,0.0,58,3,8.67,286,30,30
59,0.3,0.1,2,0.0,59,1,19.0,266,30,30
60,0.3,0.1,2,0.5,60,2,11.0,280,30,30
61,0.3,0.1,2,0.5,61,2,10.5,237,30,30
62,0.3,0.1,2,0.5,62,2,21.0,302,30,30
63,0.3,0.1,2,0.5,63,2,11.5,266,30,30
64,0.3,0.1,2,0.5,64,2,12.0,272,30,30
65,0.3,0.1,2,0.5,65,1,31.0,280,30,30
66,0.3,0.1,2,0.5,66,3,11.33,263,30,30
67,0.3,0.1,2,0.5,67,3,9.0,254,30,30
68,0.3,0.1,2,0.5,68,3,7.33,279,30,30
69,0.3,0.1,2,0.5,69,2,10.5,274,30,30
70,0.3,0.1,2,1.0,70,2,15.0,271,30,30
71,0.3,0.1,2,1.0,71,1,20.0,244,30,30
72,0.3,0.1,2,1.0,72,2,11.5,304,30,30
73,0.3,0.1,2,1.0,73,3,8.67,283,30,30
74,0.3,0.1,2,1.0,74,1,20.0,289,30,30
75,0.3,0.1,2,1.0,75,3,8.67,284,30,30
76,0.3,0.1,2,1.0,76,3,8.67,276,30,30
77,0.3,0.1,2,1.0,77,1,17.0,273,30,30
78,0.3,0.1,2,1.0,78,1,26.0,266,30,30
79,0.3,0.1,2,1.0,79,1,22.0,264,30,30
80,0.3,0.1,2,1.5,80,2,13.0,252,30,30
81,0.3,0.1,2,1.5,81,2,15.0,260,30,30
82,0.3,0.1,2,1.5,82,4,9.0,251,30,30
83,0.3,0.1,2,1.5,83,3,9.67,272,30,30
84,0.3,0.1,2,1.5,84,2,16.0,279,30,30
85,0.3,0.1,2,1.5,85,5,6.2,248,30,30
86,0.3,0.1,2,1.5,86,3,10.0,279,30,30
87,0.3,0.1,2,1.5,87,18,1.5,238,30,30
88,0.3,0.1,2,1.5,88,5,4.8,237,30,30
89,0.3,0.1,2,1.5,89,5,6.4,272,30,30
90,0.3,0.1,2,2.0,90,5,4.8,257,30,30
91,0.3,0.1,2,2.0,91,4,6.25,268,30,30
92,0.3,0.1,2,2.0,92,18,1.78,231,30,30
93,0.3,0.1,2,2.0,93,14,2.29,261,30,30
94,0.3,0.1,2,2.0,94,21,1.29,242,30,30
95,0.3,0.1,2,2.0,95,17,1.82,261,30,30
96,0.3,0.1,2,2.0,96,1,18.0,264,30,30
97,0.3,0.1,2,2.0,97,6,6.5,289,30,30
98,0.3,0.1,2,2.0,98,7,2.86,261,30,30
99,0.3,0.1,2,2.0,99,1,32.0,268,30,30
100,0.3,0.1,3,0.0,100,19,1.16,226,30,30
101,0.3,0.1,3,0.0,101,19,1.11,251,30,30
102,0.3,0.1,3,0.0,102,2,15.0,280,30,30
103,0.3,0.1,3,0.0,103,25,1.08,262,30,30
104,0.3,0.1,3,0.0,104,7,5.43,265,30,30
105,0.3,0.1,3,0.0,105,6,4.0,265,30,30
106,0.3,0.1,3,0.0,106,27,1.15,249,30,30
107,0.3,0.1,3,0.0,107,12,2.33,253,30,30
108,0.3,0.1,3,0.0,108,8,3.5,257,30,30
109,0.3,0.1,3,0.0,109,21,1.1,209,30,30
110,0.3,0.1,3,0.5,110,28,1.14,236,30,30
111,0.3,0.1,3,0.5,111,22,1.18,242,30,30
112,0.3,0.1,3,0.5,112,16,1.69,245,30,30
113,0.3,0.1,3,0.5,113,21,1.0,242,30,30
114,0.3,0.1,3,0.5,114,22,1.09,251,30,30
115,0.3,0.1,3,0.5,115,23,1.09,229,30,30
116,0.3,0.1,3,0.5,116,19,1.11,223,30,30
117,0.3,0.1,3,0.5,117,26,1.12,246,30,30
118,0.3,0.1,3,0.5,118,24,1.04,240,30,30
119,0.3,0.1,3,0.5,119,20,1.35,250,30,30
120,0.3,0.1,3,1.0,120,19,1.11,236,30,30
121,0.3,0.1,3,1.0,121,24,1.29,201,30,30
122,0.3,0.1,3,1.0,122,18,1.28,240,30,30
123,0.3,0.1,3,1.0,123,28,1.32,239,30,30
124,0.3,0.1,3,1.0,124,18,1.17,216,30,30
125,0.3,0.1,3,1.0,125,25,1.0,246,30,30
126,0.3,0.1,3,1.0,126,19,1.16,212,30,30
127,0.3,0.1,3,1.0,127,27,1.07,250,30,30
128,0.3,0.1,3,1.0,128,24,1.21,224,30,30
129,0.3,0.1,3,1.0,129,14,1.43,232,30,30
130,0.3,0.1,3,1.5,130,29,1.17,187,30,30
131,0.3,0.1,3,1.5,131,24,1.17,185,30,30
132,0.3,0.1,3,1.5,132,22,1.05,194,30,30
133,0.3,0.1,3,1.5,133,21,1.24,208,30,30
134,0.3,0.1,3,1.5,134,18,1.11,214,30,30
135,0.3,0.1,3,1.5,135,28,1.21,166,30,30
136,0.3,0.1,3,1.5,136,24,1.46,174,30,30
137,0.3,0.1,3,1.5,137,22,1.32,177,30,30
138,0.3,0.1,3,1.5,138,30,1.13,219,30,30
139,0.3,0.1,3,1.5,139,25,1.24,196,30,30
140,0.3,0.1,3,2.0,140,21,1.52,197,30,30
141,0.3,0.1,3,2.0,141,23,1.13,179,30,30
142,0.3,0.1,3,2.0,142,18,1.22,188,30,30
143,0.3,0.1,3,2.0,143,22,1.27,193,30,30
144,0.3,0.1,3,2.0,144,21,1.05,194,30,30
145,0.3,0.1,3,2.0,145,25,1.0,189,30,30
146,0.3,0.1,3,2.0,146,19,1.11,178,30,30
147,0.3,0.1,3,2.0,147,27,1.04,194,30,30
148,0.3,0.1,3,2.0,148,25,1.16,193,30,30
149,0.3,0.1,3,2.0,149,21,1.05,215,30,30
150,0.3,0.1,4,0.0,150,28,1.18,236,30,30
151,0.3,0.1,4,0.0,151,20,1.15,257,30,30
152,0.3,0.1,4,0.0,152,28,1.36,252,30,30
153,0.3,0.1,4,0.0,153,24,1.21,239,30,30
154,0.3,0.1,4,0.0,154,26,1.23,238,30,30
155,0.3,0.1,4,0.0,155,24,1.38,246,30,30
156,0.3,0.1,4,0.0,156,23,1.17,227,30,30
157,0.3,0.1,4,0.0,157,20,1.25,256,30,30
158,0.3,0.1,4,0.0,158,15,1.07,236,30,30
159,0.3,0.1,4,0.0,159,27,1.15,237,30,30
160,0.3,0.1,4,0.5,160,20,1.25,193,30,30
161,0.3,0.1,4,0.5,161,24,1.33,136,30,30
162,0.3,0.1,4,0.5,162,35,1.23,170,30,30
163,0.3,0.1,4,0.5,163,30,1.13,156,30,30
164,0.3,0.1,4,0.5,164,21,1.1,152,30,30
165,0.3,0.1,4,0.5,165,22,1.14,133,30,30
166,0.3,0.1,4,0.5,166,26,1.08,158,30,30
167,0.3,0.1,4,0.5,167,24,1.08,194,30,30
168,0.3,0.1,4,0.5,168,20,1.15,155,30,30
169,0.3,0.1,4,0.5,169,29,1.1,182,30,30
170,0.3,0.1,4,1.0,170,17,1.06,168,30,30
171,0.3,0.1,4,1.0,171,27,1.22,139,30,30
172,0.3,0.1,4,1.0,172,23,1.26,157,30,30
173,0.3,0.1,4,1.0,173,29,1.14,161,30,30
174,0.3,0.1,4,1.0,174,24,1.08,166,30,30
175,0.3,0.1,4,1.0,175,21,1.05,144,30,30
176,0.3,0.1,4,1.0,176,17,1.24,196,30,30
177,0.3,0.1,4,1.0,177,22,1.05,145,30,30
178,0.3,0.1,4,1.0,178,26,1.12,124,30,30
179,0.3,0.1,4,1.0,179,18,1.11,192,30,30
180,0.3,0.1,4,1.5,180,26,1.27,125,30,30
181,0.3,0.1,4,1.5,181,26,1.27,93,30,30
182,0.3,0.1,4,1.5,182,23,1.35,103,30,30
183,0.3,0.1,4,1.5,183,24,1.29,107,30,30
184,0.3,0.1,4,1.5,184,25,1.08,112,30,30
185,0.3,0.1,4,1.5,185,18,1.17,127,30,30
186,0.3,0.1,4,1.5,186,23,1.09,179,30,30
187,0.3,0.1,4,1.5,187,20,1.1,138,30,30
188,0.3,0.1,4,1.5,188,21,1.14,91,30,30
189,0.3,0.1,4,1.5,189,18,1.11,156,30,30
190,0.3,0.1,4,2.0,190,34,1.18,94,30,30
191,0.3,0.1,4,2.0,191,22,1.05,137,30,30
192,0.3,0.1,4,2.0,192,27,1.15,118,30,30
193,0.3,0.1,4,2.0,193,30,1.2,105,30,30
194,0.3,0.1,4,2.0,194,21,1.19,109,30,30
195,0.3,0.1,4,2.0,195,22,1.18,111,30,30
196,0.3,0.1,4,2.0,196,20,1.0,116,30,30
197,0.3,0.1,4,2.0,197,25,1.16,106,30,30
198,0.3,0.1,4,2.0,198,27,1.22,103,30,30
199,0.3,0.1,4,2.0,199,22,1.05,145,30,30
200,0.3,0.3,1,0.0,200,22,3.23,261,30,30
201,0.3,0.3,1,0.0,201,21,3.71,268,30,30
202,0.3,0.3,1,0.0,202,18,3.83,257,30,30
203,0.3,0.3,1,0.0,203,24,3.75,281,30,30
204,0.3,0.3,1,0.0,204,21,3.57,271,30,30
205,0.3,0.3,1,0.0,205,26,3.23,279,30,30
206,0.3,0.3,1,0.0,206,22,3.59,275,30,30
207,0.3,0.3,1,0.0,207,23,3.7,271,30,30
208,0.3,0.3,1,0.0,208,25,3.48,260,30,30
209,0.3,0.3,1,0.0,209,23,4.0,290,30,30
210,0.3,0.3,1,0.5,210,10,8.8,289,30,30
211,0.3,0.3,1,0.5,211,13,6.15,269,30,30
212,0.3,0.3,1,0.5,212,8,11.12,279,30,30
213,0.3,0.3,1,0.5,213,10,8.3,272,30,30
214,0.3,0.3,1,0.5,214,11,7.45,264,30,30
215,0.3,0.3,1,0.5,215,10,9.8,263,30,30
216,0.3,0.3,1,0.5,216,13,6.46,267,30,30
217,0.3,0.3,1,0.5,217,12,6.33,268,30,30
218,0.3,0.3,1,0.5,218,12,6.92,276,30,30
219,0.3,0.3,1,0.5,219,11,7.27,255,30,30
220,0.3,0.3,1,1.0,220,11,7.27,271,30,30
221,0.3,0.3,1,1.0,221,8,10.62,291,30,30
222,0.3,0.3,1,1.0,222,10,8.8,260,30,30
223,0.3,0.3,1,1.0,223,9,8.33,276,30,30
224,0.3,0.3,1,1.0,224,13,5.85,265,30,30
225,0.3,0.3,1,1.0,225,17,5.53,292,30,30
226,0.3,0.3,1,1.0,226,14,5.5,277,30,30
227,0.3,0.3,1,1.0,227,12,6.92,260,30,30
228,0.3,0.3,1,1.0,228,13,6.77,263,30,30
229,0.3,0.3,1,1.0,229,11,7.73,251,30,30
230,0.3,0.3,1,1.5,230,12,6.67,268,30,30
231,0.3,0.3,1,1.5,231,10,8.2,267,30,30
232,0.3,0.3,1,1.5,232,11,6.36,281,30,30
233,0.3,0.3,1,1.5,233,5,15.0,262,30,30
234,0.3,0.3,1,1.5,234,12,7.5,289,30,30
235,0.3,0.3,1,1.5,235,9,9.0,264,30,30
236,0.3,0.3,1,1.5,236,15,4.93,264,30,30
237,0.3,0.3,1,1.5,237,9,9.67,281,30,30
238,0.3,0.3,1,1.5,238,12,6.75,294,30,30
239,0.3,0.3,1,1.5,239,11,5.73,252,30,30
240,0.3,0.3,1,2.0,240,8,9.12,263,30,30
241,0.3,0.3,1,2.0,241,11,7.91,248,30,30
242,0.3,0.3,1,2.0,242,11,6.0,257,30,30
243,0.3,0.3,1,2.0,243,10,8.9,247,30,30
244,0.3,0.3,1,2.0,244,9,8.0,274,30,30
245,0.3,0.3,1,2.0,245,13,6.15,260,30,30
246,0.3,0.3,1,2.0,246,7,10.43,291,30,30
247,0.3,0.3,1,2.0,247,8,9.88,268,30,30
248,0.3,0.3,1,2.0,248,11,6.27,250,30,30
249,0.3,0.3,1,2.0,249,12,7.0,259,30,30
250,0.3,0.3,2,0.0,250,8,11.25,274,30,30
251,0.3,0.3,2,0.0,251,9,10.22,278,30,30
252,0.3,0.3,2,0.0,252,9,10.89,304,30,30
253,0.3,0.3,2,0.0,253,10,8.6,288,30,30
254,0.3,0.3,2,0.0,254,8,9.75,266,30,30
255,0.3,0.3,2,0.0,255,10,9.7,288,30,30
256,0.3,0.3,2,0.0,256,8,10.12,280,30,30
257,0.3,0.3,2,0.0,257,10,7.4,272,30,30
258,0.3,0.3,2,0.0,258,7,11.29,262,30,30
259,0.3,0.3,2,0.0,259,11,7.91,270,30,30
260,0.3,0.3,2,0.5,260,6,13.33,273,30,30
261,0.3,0.3,2,0.5,261,5,17.4,273,30,30
262,0.3,0.3,2,0.5,262,6,15.83,281,30,30
263,0.3,0.3,2,0.5,263,8,11.25,281,30,30
264,0.3,0.3,2,0.5,264,4,21.5,281,30,30
265,0.3,0.3,2,0.5,265,3,26.0,278,30,30
266,0.3,0.3,2,0.5,266,4,20.0,265,30,30
267,0.3,0.3,2,0.5,267,6,13.33,244,30,30
268,0.3,0.3,2,0.5,268,5,20.2,278,30,30
269,0.3,0.3,2,0.5,269,6,12.5,285,30,30
270,0.3,0.3,2,1.0,270,5,16.2,269,30,30
271,0.3,0.3,2,1.0,271,6,13.5,270,30,30
272,0.3,0.3,2,1.0,272,4,21.25,274,30,30
273,0.3,0.3,2,1.0,273,3,31.67,271,30,30
274,0.3,0.3,2,1.0,274,4,22.75,253,30,30
275,0.3,0.3,2,1.0,275,6,14.0,268,30,30
276,0.3,0.3,2,1.0,276,5,16.6,276,30,30
277,0.3,0.3,2,1.0,277,6,13.0,255,30,30
278,0.3,0.3,2,1.0,278,5,14.2,268,30,30
279,0.3,0.3,2,1.0,279,5,14.8,270,30,30
280,0.3,0.3,2,1.5,280,2,42.5,287,30,30
281,0.3,0.3,2,1.5,281,2,40.0,259,30,30
282,0.3,0.3,2,1.5,282,4,19.25,260,30,30
283,0.3,0.3,2,1.5,283,3,31.67,280,30,30
284,0.3,0.3,2,1.5,284,1,85.0,268,30,30
285,0.3,0.3,2,1.5,285,2,37.0,255,30,30
286,0.3,0.3,2,1.5,286,1,90.0,279,30,30
287,0.3,0.3,2,1.5,287,3,30.33,262,30,30
288,0.3,0.3,2,1.5,288,2,43.0,282,30,30
289,0.3,0.3,2,1.5,289,3,26.33,276,30,30
290,0.3,0.3,2,2.0,290,3,29.67,269,30,30
291,0.3,0.3,2,2.0,291,1,91.0,284,30,30
292,0.3,0.3,2,2.0,292,2,44.5,271,30,30
293,0.3,0.3,2,2.0,293,1,74.0,235,30,30
294,0.3,0.3,2,2.0,294,5,15.2,261,30,30
295,0.3,0.3,2,2.0,295,4,25.25,286,30,30
296,0.3,0.3,2,2.0,296,2,49.0,261,30,30
297,0.3,0.3,2,2.0,297,2,39.0,264,30,30
298,0.3,0.3,2,2.0,298,2,40.5,263,30,30
299,0.3,0.3,2,2.0,299,2,39.5,266,30,30
300,0.3,0.3,3,0.0,300,2,42.5,258,30,30
301,0.3,0.3,3,0.0,301,2,37.0,261,30,30
302,0.3,0.3,3,0.0,302,2,38.5,255,30,30
303,0.3,0.3,3,0.0,303,5,14.8,247,30,30
304,0.3,0.3,3,0.0,304,2,37.5,289,30,30
305,0.3,0.3,3,0.0,305,4,19.75,263,30,30
306,0.3,0.3,3,0.0,306,5,21.2,285,30,30
307,0.3,0.3,3,0.0,307,5,16.4,265,30,30
308,0.3,0.3,3,0.0,308,3,24.67,258,30,30
309,0.3,0.3,3,0.0,309,2,41.5,245,30,30
310,0.3,0.3,3,0.5,310,3,21.33,252,30,30
311,0.3,0.3,3,0.5,311,7,10.71,241,30,30
312,0.3,0.3,3,0.5,312,5,15.8,288,30,30
313,0.3,0.3,3,0.5,313,3,29.67,260,30,30
314,0.3,0.3,3,0.5,314,2,44.5,279,30,30
315,0.3,0.3,3,0.5,315,11,4.82,229,30,30
316,0.3,0.3,3,0.5,316,1,68.0,252,30,30
317,0.3,0.3,3,0.5,317,2,42.0,269,30,30
318,0.3,0.3,3,0.5,318,4,17.75,247,30,30
319,0.3,0.3,3,0.5,319,2,38.0,254,30,30
320,0.3,0.3,3,1.0,320,14,5.43,218,30,30
321,0.3,0.3,3,1.0,321,8,11.0,250,30,30
322,0.3,0.3,3,1.0,322,11,6.82,248,30,30
323,0.3,0.3,3,1.0,323,9,10.11,277,30,30
324,0.3,0.3,3,1.0,324,9,9.67,270,30,30
325,0.3,0.3,3,1.0,325,1,77.0,254,30,30
326,0.3,0.3,3,1.0,326,3,33.0,269,30,30
327,0.3,0.3,3,1.0,327,41,1.98,145,30,30
328,0.3,0.3,3,1.0,328,15,6.27,273,30,30
329,0.3,0.3,3,1.0,329,8,10.38,262,30,30
330,0.3,0.3,3,1.5,330,50,1.54,69,30,30
331,0.3,0.3,3,1.5,331,51,1.63,76,30,30
332,0.3,0.3,3,1.5,332,45,1.64,65,30,30
333,0.3,0.3,3,1.5,333,60,1.47,53,30,30
334,0.3,0.3,3,1.5,334,47,1.57,90,30,30
335,0.3,0.3,3,1.5,335,53,1.77,52,30,30
336,0.3,0.3,3,1.5,336,47,1.74,106,30,30
337,0.3,0.3,3,1.5,337,56,1.5,65,30,30
338,0.3,0.3,3,1.5,338,53,1.43,58,30,30
339,0.3,0.3,3,1.5,339,61,1.38,116,30,30
340,0.3,0.3,3,2.0,340,49,1.57,74,30,30
341,0.3,0.3,3,2.0,341,49,1.57,75,30,30
342,0.3,0.3,3,2.0,342,47,1.74,56,30,30
343,0.3,0.3,3,2.0,343,46,1.76,59,30,30
344,0.3,0.3,3,2.0,344,49,1.49,88,30,30
345,0.3,0.3,3,2.0,345,47,1.53,66,30,30
346,0.3,0.3,3,2.0,346,53,1.38,52,30,30
347,0.3,0.3,3,2.0,347,56,1.54,54,30,30
348,0.3,0.3,3,2.0,348,52,1.48,72,30,30
349,0.3,0.3,3,2.0,349,58,1.62,49,30,30
350,0.3,0.3,4,0.0,350,55,1.64,178,30,30
351,0.3,0.3,4,0.0,351,51,1.43,199,30,30
352,0.3,0.3,4,0.0,352,43,1.6,189,30,30
353,0.3,0.3,4,0.0,353,45,1.64,190,30,30
354,0.3,0.3,4,0.0,354,50,1.62,183,30,30
355,0.3,0.3,4,0.0,355,51,1.71,190,30,30
356,0.3,0.3,4,0.0,356,46,1.63,185,30,30
357,0.3,0.3,4,0.0,357,56,1.59,175,30,30
358,0.3,0.3,4,0.0,358,49,1.67,179,30,30
359,0.3,0.3,4,0.0,359,41,1.68,190,30,30
360,0.3,0.3,4,0.5,360,53,1.66,28,30,30
361,0.3,0.3,4,0.5,361,50,1.4,14,30,30
362,0.3,0.3,4,0.5,362,50,1.6,16,30,30
363,0.3,0.3,4,0.5,363,53,1.34,33,30,30
364,0.3,0.3,4,0.5,364,52,1.6,55,30,30
365,0.3,0.3,4,0.5,365,45,1.98,18,30,30
366,0.3,0.3,4,0.5,366,52,1.5,39,30,30
367,0.3,0.3,4,0.5,367,53,1.6,64,30,30
368,0.3,0.3,4,0.5,368,57,1.61,28,30,30
369,0.3,0.3,4,0.5,369,58,1.48,9,30,30
370,0.3,0.3,4,1.0,370,46,1.54,71,30,30
371,0.3,0.3,4,1.0,371,57,1.44,22,30,30
372,0.3,0.3,4,1.0,372,56,1.55,30,30,30
373,0.3,0.3,4,1.0,373,59,1.54,20,30,30
374,0.3,0.3,4,1.0,374,57,1.61,12,30,30
375,0.3,0.3,4,1.0,375,52,1.58,34,30,30
376,0.3,0.3,4,1.0,376,51,1.49,41,30,30
377,0.3,0.3,4,1.0,377,51,1.47,21,30,30
378,0.3,0.3,4,1.0,378,52,1.54,48,30,30
379,0.3,0.3,4,1.0,379,61,1.48,8,30,30
380,0.3,0.3,4,1.5,380,58,1.36,20,30,30
381,0.3,0.3,4,1.5,381,51,1.57,27,30,30
382,0.3,0.3,4,1.5,382,53,1.57,30,30,30
383,0.3,0.3,4,1.5,383,51,1.65,12,30,30
384,0.3,0.3,4,1.5,384,50,1.48,16,30,30
385,0.3,0.3,4,1.5,385,58,1.38,4,30,30
386,0.3,0.3,4,1.5,386,52,1.35,20,30,30
387,0.3,0.3,4,1.5,387,58,1.28,31,30,30
388,0.3,0.3,4,1.5,388,60,1.43,29,30,30
389,0.3,0.3,4,1.5,389,44,1.55,38,30,30
390,0.3,0.3,4,2.0,390,53,1.38,10,30,30
391,0.3,0.3,4,2.0,391,59,1.41,13,30,30
392,0.3,0.3,4,2.0,392,54,1.37,20,30,30
393,0.3,0.3,4,2.0,393,57,1.54,17,30,30
394,0.3,0.3,4,2.0,394,52,1.67,24,30,30
395,0.3,0.3,4,2.0,395,54,1.54,17,30,30
396,0.3,0.3,4,2.0,396,58,1.53,16,30,30
397,0.3,0.3,4,2.0,397,54,1.43,17,30,30
398,0.3,0.3,4,2.0,398,63,1.44,25,30,30
399,0.3,0.3,4,2.0,399,56,1.36,29,30,30
400,0.3,0.5,1,0.0,400,27,5.26,272,30,30
401,0.3,0.5,1,0.0,401,35,4.09,263,30,30
402,0.3,0.5,1,0.0,402,25,4.6,241,30,30
403,0.3,0.5,1,0.0,403,31,4.0,261,30,30
404,0.3,0.5,1,0.0,404,35,3.74,255,30,30
405,0.3,0.5,1,0.0,405,28,4.36,265,30,30
406,0.3,0.5,1,0.0,406,35,3.97,281,30,30
407,0.3,0.5,1,0.0,407,33,3.97,279,30,30
408,0.3,0.5,1,0.0,408,28,3.89,238,30,30
409,0.3,0.5,1,0.0,409,31,4.45,267,30,30
410,0.3,0.5,1,0.5,410,17,8.18,263,30,30
411,0.3,0.5,1,0.5,411,14,9.86,287,30,30
412,0.3,0.5,1,0.5,412,11,12.0,268,30,30
413,0.3,0.5,1,0.5,413,14,9.29,257,30,30
414,0.3,0.5,1,0.5,414,9,15.33,284,30,30
415,0.3,0.5,1,0.5,415,12,12.08,283,30,30
416,0.3,0.5,1,0.5,416,15,9.6,281,30,30
417,0.3,0.5,1,0.5,417,14,10.0,287,30,30
418,0.3,0.5,1,0.5,418,13,10.69,266,30,30
419,0.3,0.5,1,0.5,419,18,7.78,260,30,30
420,0.3,0.5,1,1.0,420,16,9.38,280,30,30
421,0.3,0.5,1,1.0,421,13,9.85,248,30,30
422,0.3,0.5,1,1.0,422,7,18.29,268,30,30
423,0.3,0.5,1,1.0,423,19,6.26,252,30,30
424,0.3,0.5,1,1.0,424,17,7.12,250,30,30
425,0.3,0.5,1,1.0,425,15,9.93,288,30,30
426,0.3,0.5,1,1.0,426,10,12.3,256,30,30
427,0.3,0.5,1,1.0,427,15,8.93,278,30,30
428,0.3,0.5,1,1.0,428,15,8.67,271,30,30
429,0.3,0.5,1,1.0,429,14,10.29,277,30,30
430,0.3,0.5,1,1.5,430,8,16.12,253,30,30
431,0.3,0.5,1,1.5,431,14,9.64,279,30,30
432,0.3,0.5,1,1.5,432,13,10.31,285,30,30
433,0.3,0.5,1,1.5,433,7,17.29,258,30,30
434,0.3,0.5,1,1.5,434,12,10.92,267,30,30
435,0.3,0.5,1,1.5,435,13,10.77,264,30,30
436,0.3,0.5,1,1.5,436,11,12.45,278,30,30
437,0.3,0.5,1,1.5,437,12,11.83,280,30,30
438,0.3,0.5,1,1.5,438,8,18.25,275,30,30
439,0.3,0.5,1,1.5,439,10,13.9,279,30,30
440,0.3,0.5,1,2.0,440,15,8.2,247,30,30
441,0.3,0.5,1,2.0,441,8,17.38,273,30,30
442,0.3,0.5,1,2.0,442,9,17.78,279,30,30
443,0.3,0.5,1,2.0,443,14,9.57,273,30,30
444,0.3,0.5,1,2.0,444,10,15.6,296,30,30
445,0.3,0.5,1,2.0,445,6,21.17,276,30,30
446,0.3,0.5,1,2.0,446,10,11.7,258,30,30
447,0.3,0.5,1,2.0,447,9,16.22,269,30,30
448,0.3,0.5,1,2.0,448,10,13.9,270,30,30
449,0.3,0.5,1,2.0,449,10,14.5,284,30,30
450,0.3,0.5,2,0.0,450,12,12.92,293,30,30
451,0.3,0.5,2,0.0,451,12,10.0,251,30,30
452,0.3,0.5,2,0.0,452,9,14.67,266,30,30
453,0.3,0.5,2,0.0,453,11,11.73,261,30,30
454,0.3,0.5,2,0.0,454,16,8.81,259,30,30
455,0.3,0.5,2,0.0,455,9,12.22,251,30,30
456,0.3,0.5,2,0.0,456,13,10.62,260,30,30
457,0.3,0.5,2,0.0,457,12,11.75,279,30,30
458,0.3,0.5,2,0.0,458,9,17.0,283,30,30
459,0.3,0.5,2,0.0,459,15,8.53,260,30,30
460,0.3,0.5,2,0.5,460,5,23.4,248,30,30
461,0.3,0.5,2,0.5,461,5,24.0,252,30,30
462,0.3,0.5,2,0.5,462,7,20.71,295,30,30
463,0.3,0.5,2,0.5,463,9,14.44,263,30,30
464,0.3,0.5,2,0.5,464,4,33.5,283,30,30
465,0.3,0.5,2,0.5,465,5,22.0,234,30,30
466,0.3,0.5,2,0.5,466,5,25.2,272,30,30
467,0.3,0.5,2,0.5,467,6,21.83,290,30,30
468,0.3,0.5,2,0.5,468,7,22.0,312,30,30
469,0.3,0.5,2,0.5,469,5,27.8,275,30,30
470,0.3,0.5,2,1.0,470,7,20.14,268,30,30
471,0.3,0.5,2,1.0,471,5,28.2,267,30,30
472,0.3,0.5,2,1.0,472,6,21.17,252,30,30
473,0.3,0.5,2,1.0,473,8,18.25,269,30,30
474,0.3,0.5,2,1.0,474,5,26.8,261,30,30
475,0.3,0.5,2,1.0,475,4,33.75,271,30,30
476,0.3,0.5,2,1.0,476,6,22.83,273,30,30
477,0.3,0.5,2,1.0,477,7,19.29,277,30,30
478,0.3,0.5,2,1.0,478,9,17.33,271,30,30
479,0.3,0.5,2,1.0,479,4,31.75,275,30,30
480,0.3,0.5,2,1.5,480,1,139.0,280,30,30
481,0.3,0.5,2,1.5,481,2,67.5,272,30,30
482,0.3,0.5,2,1.5,482,2,54.5,257,30,30
483,0.3,0.5,2,1.5,483,10,12.4,264,30,30
484,0.3,0.5,2,1.5,484,2,78.0,302,30,30
485,0.3,0.5,2,1.5,485,1,131.0,267,30,30
486,0.3,0.5,2,1.5,486,5,26.6,256,30,30
487,0.3,0.5,2,1.5,487,2,58.0,264,30,30
488,0.3,0.5,2,1.5,488,2,61.0,268,30,30
489,0.3,0.5,2,1.5,489,3,40.67,250,30,30
490,0.3,0.5,2,2.0,490,1,134.0,284,30,30
491,0.3,0.5,2,2.0,491,1,118.0,237,30,30
492,0.3,0.5,2,2.0,492,3,49.67,280,30,30
493,0.3,0.5,2,2.0,493,3,45.33,264,30,30
494,0.3,0.5,2,2.0,494,2,74.0,287,30,30
495,0.3,0.5,2,2.0,495,2,71.0,295,30,30
496,0.3,0.5,2,2.0,496,1,149.0,289,30,30
497,0.3,0.5,2,2.0,497,2,66.0,279,30,30
498,0.3,0.5,2,2.0,498,4,29.0,236,30,30
499,0.3,0.5,2,2.0,499,1,139.0,270,30,30
500,0.3,0.5,3,0.0,500,6,22.83,270,30,30
501,0.3,0.5,3,0.0,501,6,21.83,263,30,30
502,0.3,0.5,3,0.0,502,7,18.57,260,30,30
503,0.3,0.5,3,0.0,503,3,40.33,250,30,30
504,0.3,0.5,3,0.0,504,4,32.5,264,30,30
505,0.3,0.5,3,0.0,505,5,25.4,255,30,30
506,0.3,0.5,3,0.0,506,5,25.0,281,30,30
507,0.3,0.5,3,0.0,507,5,26.6,271,30,30
508,0.3,0.5,3,0.0,508,4,36.0,303,30,30
509,0.3,0.5,3,0.0,509,8,17.75,276,30,30
510,0.3,0.5,3,0.5,510,3,39.0,249,30,30
511,0.3,0.5,3,0.5,511,7,20.57,270,30,30
512,0.3,0.5,3,0.5,512,2,69.0,269,30,30
513,0.3,0.5,3,0.5,513,1,128.0,273,30,30
514,0.3,0.5,3,0.5,514,7,17.43,248,30,30
515,0.3,0.5,3,0.5,515,3,42.33,278,30,30
516,0.3,0.5,3,0.5,516,2,67.0,262,30,30
517,0.3,0.5,3,0.5,517,1,137.0,287,30,30
518,0.3,0.5,3,0.5,518,2,67.0,254,30,30
519,0.3,0.5,3,0.5,519,1,133.0,274,30,30
520,0.3,0.5,3,1.0,520,21,6.57,227,30,30
521,0.3,0.5,3,1.0,521,1,149.0,279,30,30
522,0.3,0.5,3,1.0,522,26,5.42,233,30,30
523,0.3,0.5,3,1.0,523,3,49.0,284,30,30
524,0.3,0.5,3,1.0,524,6,23.5,257,30,30
525,0.3,0.5,3,1.0,525,6,19.5,259,30,30
526,0.3,0.5,3,1.0,526,6,21.5,264,30,30
527,0.3,0.5,3,1.0,527,13,8.46,201,30,30
528,0.3,0.5,3,1.0,528,3,44.67,257,30,30
529,0.3,0.5,3,1.0,529,28,4.36,186,30,30
530,0.3,0.5,3,1.5,530,62,1.55,18,30,30
531,0.3,0.5,3,1.5,531,55,2.27,37,30,30
532,0.3,0.5,3,1.5,532,49,2.59,37,30,30
533,0.3,0.5,3,1.5,533,66,1.94,39,30,30
534,0.3,0.5,3,1.5,534,63,2.11,28,30,30
535,0.3,0.5,3,1.5,535,57,2.81,19,30,30
536,0.3,0.5,3,1.5,536,59,2.73,36,30,30
537,0.3,0.5,3,1.5,537,66,2.24,25,30,30
538,0.3,0.5,3,1.5,538,64,2.16,27,30,30
539,0.3,0.5,3,1.5,539,64,1.92,18,30,30
540,0.3,0.5,3,2.0,540,60,2.43,38,30,30
541,0.3,0.5,3,2.0,541,62,2.19,24,30,30
542,0.3,0.5,3,2.0,542,53,2.72,38,30,30
543,0.3,0.5,3,2.0,543,62,2.35,15,30,30
544,0.3,0.5,3,2.0,544,56,2.27,18,30,30
545,0.3,0.5,3,2.0,545,56,2.32,15,30,30
546,0.3,0.5,3,2.0,546,61,2.21,33,30,30
547,0.3,0.5,3,2.0,547,55,2.49,24,30,30
548,0.3,0.5,3,2.0,548,58,2.41,42,30,30
549,0.3,0.5,3,2.0,549,59,2.02,20,30,30
550,0.3,0.5,4,0.0,550,15,9.27,206,30,30
551,0.3,0.5,4,0.0,551,27,4.56,199,30,30
552,0.3,0.5,4,0.0,552,56,2.27,3,30,30
553,0.3,0.5,4,0.0,553,42,2.9,171,30,30
554,0.3,0.5,4,0.0,554,54,2.44,4,30,30
555,0.3,0.5,4,0.0,555,34,3.91,219,30,30
556,0.3,0.5,4,0.0,556,25,6.2,192,30,30
557,0.3,0.5,4,0.0,557,14,10.21,247,30,30
558,0.3,0.5,4,0.0,558,30,3.93,136,30,30
559,0.3,0.5,4,0.0,559,16,9.88,245,30,30
560,0.3,0.5,4,0.5,560,69,2.1,6,30,30
561,0.3,0.5,4,0.5,561,69,1.88,2,30,30
562,0.3,0.5,4,0.5,562,57,2.49,5,30,30
563,0.3,0.5,4,0.5,563,65,2.12,4,30,30
564,0.3,0.5,4,0.5,564,63,2.25,1,30,30
565,0.3,0.5,4,0.5,565,69,2.0,5,30,30
566,0.3,0.5,4,0.5,566,72,1.79,6,30,30
567,0.3,0.5,4,0.5,567,64,2.11,5,30,30
568,0.3,0.5,4,0.5,568,59,2.53,4,30,30
569,0.3,0.5,4,0.5,569,61,2.02,5,30,30
570,0.3,0.5,4,1.0,570,79,1.75,1,30,30
571,0.3,0.5,4,1.0,571,67,2.15,10,30,30
572,0.3,0.5,4,1.0,572,71,1.72,2,30,30
573,0.3,0.5,4,1.0,573,71,1.83,3,30,30
574,0.3,0.5,4,1.0,574,59,2.29,5,30,30
575,0.3,0.5,4,1.0,575,61,2.2,8,30,30
576,0.3,0.5,4,1.0,576,69,1.97,1,30,30
577,0.3,0.5,4,1.0,577,61,2.16,1,30,30
578,0.3,0.5,4,1.0,578,62,2.08,9,30,30
579,0.3,0.5,4,1.0,579,62,1.9,2,30,30
580,0.3,0.5,4,1.5,580,65,2.22,4,30,30
581,0.3,0.5,4,1.5,581,60,2.8,7,30,30
582,0.3,0.5,4,1.5,582,68,2.38,8,30,30
583,0.3,0.5,4,1.5,583,59,2.46,2,30,30
584,0.3,0.5,4,1.5,584,66,2.48,8,30,30
585,0.3,0.5,4,1.5,585,63,2.22,5,30,30
586,0.3,0.5,4,1.5,586,64,2.69,7,30,30
587,0.3,0.5,4,1.5,587,67,2.24,2,30,30
588,0.3,0.5,4,1.5,588,62,2.05,9,30,30
589,0.3,0.5,4,1.5,589,63,2.48,4,30,30
590,0.3,0.5,4,2.0,590,60,2.18,4,30,30
591,0.3,0.5,4,2.0,591,70,1.94,2,30,30
592,0.3,0.5,4,2.0,592,62,2.44,7,30,30
593,0.3,0.5,4,2.0,593,70,1.8,1,30,30
594,0.3,0.5,4,2.0,594,63,2.29,1,30,30
595,0.3,0.5,4,2.0,595,64,1.86,1,30,30
596,0.3,0.5,4,2.0,596,64,2.25,10,30,30
597,0.3,0.5,4,2.0,597,68,2.1,0,30,30
598,0.3,0.5,4,2.0,598,65,2.2,7,30,30
599,0.3,0.5,4,2.0,599,63,2.21,7,30,30
600,0.5,0.1,1,0.0,600,15,2.67,460,30,30
601,0.5,0.1,1,0.0,601,13,3.31,450,30,30
602,0.5,0.1,1,0.0,602,15,2.8,433,30,30
603,0.5,0.1,1,0.0,603,11,3.55,445,30,30
604,0.5,0.1,1,0.0,604,14,3.29,458,30,30
605,0.5,0.1,1,0.0,605,16,3.06,463,30,30
606,0.5,0.1,1,0.0,606,17,2.59,446,30,30
607,0.5,0.1,1,0.0,607,15,2.87,443,30,30
608,0.5,0.1,1,0.0,608,15,2.87,474,30,30
609,0.5,0.1,1,0.0,609,13,3.46,450,30,30
610,0.5,0.1,1,0.5,610,5,7.4,435,30,30
611,0.5,0.1,1,0.5,611,6,9.17,457,30,30
612,0.5,0.1,1,0.5,612,4,12.75,459,30,30
613,0.5,0.1,1,0.5,613,4,11.0,452,30,30
614,0.5,0.1,1,0.5,614,5,11.2,466,30,30
615,0.5,0.1,1,0.5,615,3,13.33,450,30,30
616,0.5,0.1,1,0.5,616,5,9.2,437,30,30
617,0.5,0.1,1,0.5,617,3,14.0,475,30,30
618,0.5,0.1,1,0.5,618,8,6.12,461,30,30
619,0.5,0.1,1,0.5,619,5,8.8,430,30,30
620,0.5,0.1,1,1.0,620,8,6.38,459,30,30
621,0.5,0.1,1,1.0,621,5,7.8,458,30,30
622,0.5,0.1,1,1.0,622,6,6.83,424,30,30
623,0.5,0.1,1,1.0,623,4,11.75,436,30,30
624,0.5,0.1,1,1.0,624,5,9.2,458,30,30
625,0.5,0.1,1,1.0,625,3,16.0,447,30,30
626,0.5,0.1,1,1.0,626,5,10.2,460,30,30
627,0.5,0.1,1,1.0,627,4,14.0,457,30,30
628,0.5,0.1,1,1.0,628,5,9.6,445,30,30
629,0.5,0.1,1,1.0,629,3,17.67,445,30,30
630,0.5,0.1,1,1.5,630,5,8.4,442,30,30
631,0.5,0.1,1,1.5,631,4,11.5,458,30,30
632,0.5,0.1,1,1.5,632,4,10.5,445,30,30
633,0.5,0.1,1,1.5,633,3,11.33,429,30,30
634,0.5,0.1,1,1.5,634,4,8.75,450,30,30
635,0.5,0.1,1,1.5,635,5,8.2,430,30,30
636,0.5,0.1,1,1.5,636,7,6.86,456,30,30
637,0.5,0.1,1,1.5,637,6,7.17,417,30,30
638,0.5,0.1,1,1.5,638,7,6.29,445,30,30
639,0.5,0.1,1,1.5,639,4,9.75,471,30,30
640,0.5,0.1,1,2.0,640,6,7.5,431,30,30
641,0.5,0.1,1,2.0,641,4,13.5,450,30,30
642,0.5,0.1,1,2.0,642,5,8.4,457,30,30
643,0.5,0.1,1,2.0,643,3,14.67,467,30,30
644,0.5,0.1,1,2.0,644,7,6.0,442,30,30
645,0.5,0.1,1,2.0,645,5,9.8,461,30,30
646,0.5,0.1,1,2.0,646,6,8.83,445,30,30
647,0.5,0.1,1,2.0,647,5,9.2,438,30,30
648,0.5,0.1,1,2.0,648,6,9.0,452,30,30
649,0.5,0.1,1,2.0,649,6,7.67,452,30,30
650,0.5,0.1,2,0.0,650,7,7.57,448,30,30
651,0.5,0.1,2,0.0,651,5,9.8,457,30,30
652,0.5,0.1,2,0.0,652,6,8.0,466,30,30
653,0.5,0.1,2,0.0,653,8,6.62,436,30,30
654,0.5,0.1,2,0.0,654,6,8.17,446,30,30
655,0.5,0.1,2,0.0,655,4,9.5,466,30,30
656,0.5,0.1,2,0.0,656,7,7.57,461,30,30
657,0.5,0.1,2,0.0,657,4,10.75,440,30,30
658,0.5,0.1,2,0.0,658,4,10.5,438,30,30
659,0.5,0.1,2,0.0,659,4,12.0,447,30,30
660,0.5,0.1,2,0.5,660,2,25.5,455,30,30
661,0.5,0.1,2,0.5,661,5,9.6,430,30,30
662,0.5,0.1,2,0.5,662,4,11.75,451,30,30
663,0.5,0.1,2,0.5,663,1,41.0,482,30,30
664,0.5,0.1,2,0.5,664,5,8.0,444,30,30
665,0.5,0.1,2,0.5,665,3,14.33,448,30,30
666,0.5,0.1,2,0.5,666,2,25.0,452,30,30
667,0.5,0.1,2,0.5,667,2,20.5,441,30,30
668,0.5,0.1,2,0.5,668,2,19.0,457,30,30
669,0.5,0.1,2,0.5,669,3,18.67,475,30,30
670,0.5,0.1,2,1.0,670,2,23.5,453,30,30
671,0.5,0.1,2,1.0,671,3,14.67,443,30,30
672,0.5,0.1,2,1.0,672,4,12.0,444,30,30
673,0.5,0.1,2,1.0,673,3,13.67,454,30,30
674,0.5,0.1,2,1.0,674,5,8.2,469,30,30
675,0.5,0.1,2,1.0,675,3,16.33,435,30,30
676,0.5,0.1,2,1.0,676,1,41.0,449,30,30
677,0.5,0.1,2,1.0,677,2,22.0,459,30,30
678,0.5,0.1,2,1.0,678,3,15.67,454,30,30
679,0.5,0.1,2,1.0,679,2,20.5,482,30,30
680,0.5,0.1,2,1.5,680,1,38.0,441,30,30
681,0.5,0.1,2,1.5,681,1,34.0,424,30,30
682,0.5,0.1,2,1.5,682,2,22.0,444,30,30
683,0.5,0.1,2,1.5,683,1,43.0,414,30,30
684,0.5,0.1,2,1.5,684,2,15.0,425,30,30
685,0.5,0.1,2,1.5,685,2,26.5,468,30,30
686,0.5,0.1,2,1.5,686,2,22.0,458,30,30
687,0.5,0.1,2,1.5,687,2,21.0,428,30,30
688,0.5,0.1,2,1.5,688,2,19.5,451,30,30
689,0.5,0.1,2,1.5,689,2,19.0,454,30,30
690,0.5,0.1,2,2.0,690,1,58.0,446,30,30
691,0.5,0.1,2,2.0,691,2,26.0,443,30,30
692,0.5,0.1,2,2.0,692,1,45.0,444,30,30
693,0.5,0.1,2,2.0,693,2,24.0,448,30,30
694,0.5,0.1,2,2.0,694,3,12.0,420,30,30
695,0.5,0.1,2,2.0,695,4,10.5,437,30,30
696,0.5,0.1,2,2.0,696,1,42.0,418,30,30
697,0.5,0.1,2,2.0,697,2,24.5,438,30,30
698,0.5,0.1,2,2.0,698,1,44.0,448,30,30
699,0.5,0.1,2,2.0,699,1,39.0,450,30,30
700,0.5,0.1,3,0.0,700,2,20.5,440,30,30
701,0.5,0.1,3,0.0,701,3,15.67,465,30,30
702,0.5,0.1,3,0.0,702,3,13.0,432,30,30
703,0.5,0.1,3,0.0,703,1,46.0,471,30,30
704,0.5,0.1,3,0.0,704,2,24.0,461,30,30
705,0.5,0.1,3,0.0,705,7,5.71,441,30,30
706,0.5,0.1,3,0.0,706,3,17.0,466,30,30
707,0.5,0.1,3,0.0,707,2,25.5,487,30,30
708,0.5,0.1,3,0.0,708,4,14.0,463,30,30
709,0.5,0.1,3,0.0,709,2,27.0,468,30,30
710,0.5,0.1,3,0.5,710,4,10.25,440,30,30
711,0.5,0.1,3,0.5,711,2,24.5,467,30,30
712,0.5,0.1,3,0.5,712,2,20.5,452,30,30
713,0.5,0.1,3,0.5,713,1,51.0,452,30,30
714,0.5,0.1,3,0.5,714,4,14.0,452,30,30
715,0.5,0.1,3,0.5,715,1,41.0,443,30,30
716,0.5,0.1,3,0.5,716,2,24.5,443,30,30
717,0.5,0.1,3,0.5,717,5,8.0,463,30,30
718,0.5,0.1,3,0.5,718,3,16.33,457,30,30
719,0.5,0.1,3,0.5,719,3,16.33,455,30,30
720,0.5,0.1,3,1.0,720,24,1.83,379,30,30
721,0.5,0.1,3,1.0,721,2,27.0,452,30,30
722,0.5,0.1,3,1.0,722,20,2.1,413,30,30
723,0.5,0.1,3,1.0,723,2,24.0,439,30,30
724,0.5,0.1,3,1.0,724,8,6.38,426,30,30
725,0.5,0.1,3,1.0,725,34,1.32,394,30,30
726,0.5,0.1,3,1.0,726,5,8.0,436,30,30
727,0.5,0.1,3,1.0,727,1,52.0,452,30,30
728,0.5,0.1,3,1.0,728,3,16.33,442,30,30
729,0.5,0.1,3,1.0,729,27,1.33,421,30,30
730,0.5,0.1,3,1.5,730,35,1.29,359,30,30
731,0.5,0.1,3,1.5,731,31,1.58,360,30,30
732,0.5,0.1,3,1.5,732,33,1.3,331,30,30
733,0.5,0.1,3,1.5,733,32,1.41,359,30,30
734,0.5,0.1,3,1.5,734,32,1.22,355,30,30
735,0.5,0.1,3,1.5,735,26,1.54,346,30,30
736,0.5,0.1,3,1.5,736,36,1.22,363,30,30
737,0.5,0.1,3,1.5,737,33,1.52,351,30,30
738,0.5,0.1,3,1.5,738,36,1.39,346,30,30
739,0.5,0.1,3,1.5,739,33,1.27,334,30,30
740,0.5,0.1,3,2.0,740,34,1.29,338,30,30
741,0.5,0.1,3,2.0,741,30,1.67,376,30,30
742,0.5,0.1,3,2.0,742,31,1.48,369,30,30
743,0.5,0.1,3,2.0,743,34,1.5,325,30,30
744,0.5,0.1,3,2.0,744,36,1.44,357,30,30
745,0.5,0.1,3,2.0,745,35,1.34,348,30,30
746,0.5,0.1,3,2.0,746,30,1.77,328,30,30
747,0.5,0.1,3,2.0,747,31,1.9,330,30,30
748,0.5,0.1,3,2.0,748,28,1.36,384,30,30
749,0.5,0.1,3,2.0,749,34,1.18,352,30,30
750,0.5,0.1,4,0.0,750,30,1.2,417,30,30
751,0.5,0.1,4,0.0,751,35,1.51,402,30,30
752,0.5,0.1,4,0.0,752,25,1.52,406,30,30
753,0.5,0.1,4,0.0,753,30,1.33,380,30,30
754,0.5,0.1,4,0.0,754,34,1.44,385,30,30
755,0.5,0.1,4,0.0,755,38,1.34,407,30,30
756,0.5,0.1,4,0.0,756,34,1.35,409,30,30
757,0.5,0.1,4,0.0,757,30,1.17,423,30,30
758,0.5,0.1,4,0.0,758,30,1.3,414,30,30
759,0.5,0.1,4,0.0,759,28,1.21,413,30,30
760,0.5,0.1,4,0.5,760,33,1.18,333,30,30
761,0.5,0.1,4,0.5,761,23,1.13,408,30,30
762,0.5,0.1,4,0.5,762,35,1.4,331,30,30
763,0.5,0.1,4,0.5,763,35,1.31,329,30,30
764,0.5,0.1,4,0.5,764,29,1.28,309,30,30
765,0.5,0.1,4,0.5,765,29,1.48,343,30,30
766,0.5,0.1,4,0.5,766,39,1.41,326,30,30
767,0.5,0.1,4,0.5,767,31,1.48,341,30,30
768,0.5,0.1,4,0.5,768,27,1.33,337,30,30
769,0.5,0.1,4,0.5,769,29,1.28,376,30,30
770,0.5,0.1,4,1.0,770,37,1.14,341,30,30
771,0.5,0.1,4,1.0,771,35,1.11,326,30,30
772,0.5,0.1,4,1.0,772,32,1.5,337,30,30
773,0.5,0.1,4,1.0,773,35,1.37,343,30,30
774,0.5,0.1,4,1.0,774,37,1.32,308,30,30
775,0.5,0.1,4,1.0,775,38,1.55,299,30,30
776,0.5,0.1,4,1.0,776,32,1.28,325,30,30
777,0.5,0.1,4,1.0,777,33,1.36,309,30,30
778,0.5,0.1,4,1.0,778,34,1.38,307,30,30
779,0.5,0.1,4,1.0,779,34,1.5,340,30,30
780,0.5,0.1,4,1.5,780,30,1.37,267,30,30
781,0.5,0.1,4,1.5,781,25,1.52,320,30,30
782,0.5,0.1,4,1.5,782,21,1.52,325,30,30
783,0.5,0.1,4,1.5,783,36,1.33,278,30,30
784,0.5,0.1,4,1.5,784,36,1.33,256,30,30
785,0.5,0.1,4,1.5,785,39,1.21,259,30,30
786,0.5,0.1,4,1.5,786,34,1.41,282,30,30
787,0.5,0.1,4,1.5,787,31,1.55,265,30,30
788,0.5,0.1,4,1.5,788,37,1.38,212,30,30
789,0.5,0.1,4,1.5,789,39,1.15,258,30,30
790,0.5,0.1,4,2.0,790,32,1.38,280,30,30
791,0.5,0.1,4,2.0,791,37,1.3,262,30,30
792,0.5,0.1,4,2.0,792,31,1.26,305,30,30
793,0.5,0.1,4,2.0,793,27,1.48,315,30,30
794,0.5,0.1,4,2.0,794,38,1.34,248,30,30
795,0.5,0.1,4,2.0,795,37,1.41,245,30,30
796,0.5,0.1,4,2.0,796,35,1.31,258,30,30
797,0.5,0.1,4,2.0,797,27,1.41,302,30,30
798,0.5,0.1,4,2.0,798,32,1.34,290,30,30
799,0.5,0.1,4,2.0,799,32,1.44,276,30,30
800,0.5,0.3,1,0.0,800,30,4.73,429,30,30
801,0.5,0.3,1,0.0,801,33,3.88,429,30,30
802,0.5,0.3,1,0.0,802,28,4.64,455,30,30
803,0.5,0.3,1,0.0,803,29,4.62,452,30,30
804,0.5,0.3,1,0.0,804,29,4.86,457,30,30
805,0.5,0.3,1,0.0,805,27,5.04,447,30,30
806,0.5,0.3,1,0.0,806,26,4.88,439,30,30
807,0.5,0.3,1,0.0,807,29,4.72,466,30,30
808,0.5,0.3,1,0.0,808,29,4.72,440,30,30
809,0.5,0.3,1,0.0,809,35,4.23,451,30,30
810,0.5,0.3,1,0.5,810,8,15.12,440,30,30
811,0.5,0.3,1,0.5,811,9,18.0,465,30,30
812,0.5,0.3,1,0.5,812,7,19.86,437,30,30
813,0.5,0.3,1,0.5,813,5,28.2,449,30,30
814,0.5,0.3,1,0.5,814,8,17.25,476,30,30
815,0.5,0.3,1,0.5,815,7,17.57,447,30,30
816,0.5,0.3,1,0.5,816,9,15.33,483,30,30
817,0.5,0.3,1,0.5,817,10,13.5,440,30,30
818,0.5,0.3,1,0.5,818,11,11.91,447,30,30
819,0.5,0.3,1,0.5,819,10,14.9,468,30,30
820,0.5,0.3,1,1.0,820,7,17.29,439,30,30
821,0.5,0.3,1,1.0,821,10,13.7,436,30,30
822,0.5,0.3,1,1.0,822,9,14.78,450,30,30
823,0.5,0.3,1,1.0,823,12,10.17,446,30,30
824,0.5,0.3,1,1.0,824,7,18.57,455,30,30
825,0.5,0.3,1,1.0,825,4,34.75,451,30,30
826,0.5,0.3,1,1.0,826,9,15.11,451,30,30
827,0.5,0.3,1,1.0,827,11,11.55,467,30,30
828,0.5,0.3,1,1.0,828,8,16.5,448,30,30
829,0.5,0.3,1,1.0,829,7,18.86,452,30,30
830,0.5,0.3,1,1.5,830,7,18.57,456,30,30
831,0.5,0.3,1,1.5,831,6,20.0,443,30,30
832,0.5,0.3,1,1.5,832,6,20.83,462,30,30
833,0.5,0.3,1,1.5,833,7,18.71,440,30,30
834,0.5,0.3,1,1.5,834,6,22.17,433,30,30
835,0.5,0.3,1,1.5,835,6,22.83,450,30,30
836,0.5,0.3,1,1.5,836,5,27.2,442,30,30
837,0.5,0.3,1,1.5,837,6,20.67,437,30,30
838,0.5,0.3,1,1.5,838,6,22.83,458,30,30
839,0.5,0.3,1,1.5,839,9,16.44,451,30,30
840,0.5,0.3,1,2.0,840,6,21.83,455,30,30
841,0.5,0.3,1,2.0,841,6,20.5,448,30,30
842,0.5,0.3,1,2.0,842,7,18.71,440,30,30
843,0.5,0.3,1,2.0,843,7,21.14,452,30,30
844,0.5,0.3,1,2.0,844,7,18.14,462,30,30
845,0.5,0.3,1,2.0,845,9,16.22,440,30,30
846,0.5,0.3,1,2.0,846,7,17.14,433,30,30
847,0.5,0.3,1,2.0,847,8,17.75,455,30,30
848,0.5,0.3,1,2.0,848,7,19.14,444,30,30
849,0.5,0.3,1,2.0,849,7,17.57,414,30,30
850,0.5,0.3,2,0.0,850,14,8.71,425,30,30
851,0.5,0.3,2,0.0,851,13,11.54,464,30,30
852,0.5,0.3,2,0.0,852,10,12.7,440,30,30
853,0.5,0.3,2,0.0,853,10,13.4,442,30,30
854,0.5,0.3,2,0.0,854,15,8.67,438,30,30
855,0.5,0.3,2,0.0,855,11,14.45,477,30,30
856,0.5,0.3,2,0.0,856,6,28.0,477,30,30
857,0.5,0.3,2,0.0,857,11,11.82,419,30,30
858,0.5,0.3,2,0.0,858,8,16.88,440,30,30
859,0.5,0.3,2,0.0,859,12,12.67,463,30,30
860,0.5,0.3,2,0.5,860,6,21.67,463,30,30
861,0.5,0.3,2,0.5,861,8,15.0,462,30,30
862,0.5,0.3,2,0.5,862,4,30.0,448,30,30
863,0.5,0.3,2,0.5,863,6,19.83,450,30,30
864,0.5,0.3,2,0.5,864,6,21.83,465,30,30
865,0.5,0.3,2,0.5,865,8,17.5,450,30,30
866,0.5,0.3,2,0.5,866,7,21.0,454,30,30
867,0.5,0.3,2,0.5,867,5,26.4,451,30,30
868,0.5,0.3,2,0.5,868,8,16.88,431,30,30
869,0.5,0.3,2,0.5,869,6,19.17,456,30,30
870,0.5,0.3,2,1.0,870,6,20.83,435,30,30
871,0.5,0.3,2,1.0,871,5,26.0,459,30,30
872,0.5,0.3,2,1.0,872,7,18.86,441,30,30
873,0.5,0.3,2,1.0,873,5,26.0,452,30,30
874,0.5,0.3,2,1.0,874,5,23.4,458,30,30
875,0.5,0.3,2,1.0,875,4,32.5,471,30,30
876,0.5,0.3,2,1.0,876,5,26.2,429,30,30
877,0.5,0.3,2,1.0,877,7,20.71,467,30,30
878,0.5,0.3,2,1.0,878,6,24.33,471,30,30
879,0.5,0.3,2,1.0,879,5,26.8,462,30,30
880,0.5,0.3,2,1.5,880,3,44.67,437,30,30
881,0.5,0.3,2,1.5,881,2,74.5,453,30,30
882,0.5,0.3,2,1.5,882,2,65.5,457,30,30
883,0.5,0.3,2,1.5,883,5,26.2,460,30,30
884,0.5,0.3,2,1.5,884,2,71.5,444,30,30
885,0.5,0.3,2,1.5,885,3,39.67,426,30,30
886,0.5,0.3,2,1.5,886,3,44.33,433,30,30
887,0.5,0.3,2,1.5,887,2,74.0,483,30,30
888,0.5,0.3,2,1.5,888,2,65.0,427,30,30
889,0.5,0.3,2,1.5,889,2,71.0,465,30,30
890,0.5,0.3,2,2.0,890,3,51.67,462,30,30
891,0.5,0.3,2,2.0,891,3,47.67,460,30,30
892,0.5,0.3,2,2.0,892,2,66.5,449,30,30
893,0.5,0.3,2,2.0,893,3,41.0,447,30,30
894,0.5,0.3,2,2.0,894,2,65.0,445,30,30
895,0.5,0.3,2,2.0,895,2,72.0,460,30,30
896,0.5,0.3,2,2.0,896,2,65.5,448,30,30
897,0.5,0.3,2,2.0,897,1,137.0,462,30,30
898,0.5,0.3,2,2.0,898,3,43.0,436,30,30
899,0.5,0.3,2,2.0,899,2,75.5,476,30,30
900,0.5,0.3,3,0.0,900,7,16.43,443,30,30
901,0.5,0.3,3,0.0,901,7,21.14,455,30,30
902,0.5,0.3,3,0.0,902,7,20.29,438,30,30
903,0.5,0.3,3,0.0,903,4,29.0,443,30,30
904,0.5,0.3,3,0.0,904,7,19.57,471,30,30
905,0.5,0.3,3,0.0,905,5,28.6,455,30,30
906,0.5,0.3,3,0.0,906,5,24.2,460,30,30
907,0.5,0.3,3,0.0,907,5,26.4,454,30,30
908,0.5,0.3,3,0.0,908,4,35.75,439,30,30
909,0.5,0.3,3,0.0,909,6,19.83,428,30,30
910,0.5,0.3,3,0.5,910,3,44.0,454,30,30
911,0.5,0.3,3,0.5,911,2,60.5,463,30,30
912,0.5,0.3,3,0.5,912,4,31.5,471,30,30
913,0.5,0.3,3,0.5,913,3,41.0,451,30,30
914,0.5,0.3,3,0.5,914,2,61.5,443,30,30
915,0.5,0.3,3,0.5,915,2,61.5,462,30,30
916,0.5,0.3,3,0.5,916,3,46.0,448,30,30
917,0.5,0.3,3,0.5,917,2,71.5,450,30,30
918,0.5,0.3,3,0.5,918,2,68.5,487,30,30
919,0.5,0.3,3,0.5,919,2,61.5,447,30,30
920,0.5,0.3,3,1.0,920,2,65.5,459,30,30
921,0.5,0.3,3,1.0,921,1,131.0,447,30,30
922,0.5,0.3,3,1.0,922,1,113.0,444,30,30
923,0.5,0.3,3,1.0,923,2,62.5,434,30,30
924,0.5,0.3,3,1.0,924,2,78.0,469,30,30
925,0.5,0.3,3,1.0,925,1,119.0,435,30,30
926,0.5,0.3,3,1.0,926,1,138.0,459,30,30
927,0.5,0.3,3,1.0,927,1,121.0,456,30,30
928,0.5,0.3,3,1.0,928,1,133.0,444,30,30
929,0.5,0.3,3,1.0,929,3,44.67,437,30,30
930,0.5,0.3,3,1.5,930,57,2.23,168,30,30
931,0.5,0.3,3,1.5,931,58,2.24,129,30,30
932,0.5,0.3,3,1.5,932,51,2.51,201,30,30
933,0.5,0.3,3,1.5,933,54,2.65,146,30,30
934,0.5,0.3,3,1.5,934,46,3.04,188,30,30
935,0.5,0.3,3,1.5,935,55,2.73,191,30,30
936,0.5,0.3,3,1.5,936,61,1.98,209,30,30
937,0.5,0.3,3,1.5,937,60,2.5,141,30,30
938,0.5,0.3,3,1.5,938,59,2.49,128,30,30
939,0.5,0.3,3,1.5,939,58,2.4,177,30,30
940,0.5,0.3,3,2.0,940,65,2.2,159,30,30
941,0.5,0.3,3,2.0,941,54,2.24,220,30,30
942,0.5,0.3,3,2.0,942,51,2.98,153,30,30
943,0.5,0.3,3,2.0,943,54,2.76,146,30,30
944,0.5,0.3,3,2.0,944,56,2.57,161,30,30
945,0.5,0.3,3,2.0,945,58,2.53,132,30,30
946,0.5,0.3,3,2.0,946,46,3.02,155,30,30
947,0.5,0.3,3,2.0,947,53,2.57,142,30,30
948,0.5,0.3,3,2.0,948,44,2.82,204,30,30
949,0.5,0.3,3,2.0,949,59,2.12,177,30,30
950,0.5,0.3,4,0.0,950,18,6.22,409,30,30
951,0.5,0.3,4,0.0,951,11,11.18,415,30,30
952,0.5,0.3,4,0.0,952,7,18.71,435,30,30
953,0.5,0.3,4,0.0,953,6,24.33,441,30,30
954,0.5,0.3,4,0.0,954,10,11.2,437,30,30
955,0.5,0.3,4,0.0,955,14,8.43,419,30,30
956,0.5,0.3,4,0.0,956,12,11.33,436,30,30
957,0.5,0.3,4,0.0,957,16,8.25,411,30,30
958,0.5,0.3,4,0.0,958,18,7.11,430,30,30
959,0.5,0.3,4,0.0,959,9,14.89,452,30,30
960,0.5,0.3,4,0.5,960,54,2.72,137,30,30
961,0.5,0.3,4,0.5,961,49,2.88,174,30,30
962,0.5,0.3,4,0.5,962,61,2.1,182,30,30
963,0.5,0.3,4,0.5,963,53,2.64,194,30,30
964,0.5,0.3,4,0.5,964,52,2.46,141,30,30
965,0.5,0.3,4,0.5,965,55,2.65,134,30,30
966,0.5,0.3,4,0.5,966,56,2.3,164,30,30
967,0.5,0.3,4,0.5,967,53,2.34,189,30,30
968,0.5,0.3,4,0.5,968,59,2.17,174,30,30
969,0.5,0.3,4,0.5,969,48,2.5,202,30,30
970,0.5,0.3,4,1.0,970,60,2.1,131,30,30
971,0.5,0.3,4,1.0,971,51,2.59,124,30,30
972,0.5,0.3,4,1.0,972,48,2.52,165,30,30
973,0.5,0.3,4,1.0,973,50,2.6,151,30,30
974,0.5,0.3,4,1.0,974,61,2.11,161,30,30
975,0.5,0.3,4,1.0,975,51,2.53,155,30,30
976,0.5,0.3,4,1.0,976,57,2.16,164,30,30
977,0.5,0.3,4,1.0,977,63,2.37,93,30,30
978,0.5,0.3,4,1.0,978,55,2.44,135,30,30
979,0.5,0.3,4,1.0,979,51,2.53,165,30,30
980,0.5,0.3,4,1.5,980,69,1.78,82,30,30
981,0.5,0.3,4,1.5,981,65,2.08,70,30,30
982,0.5,0.3,4,1.5,982,68,1.99,79,30,30
983,0.5,0.3,4,1.5,983,70,1.79,95,30,30
984,0.5,0.3,4,1.5,984,68,1.88,99,30,30
985,0.5,0.3,4,1.5,985,62,2.03,77,30,30
986,0.5,0.3,4,1.5,986,61,2.3,71,30,30
987,0.5,0.3,4,1.5,987,69,2.14,72,30,30
988,0.5,0.3,4,1.5,988,57,2.75,45,30,30
989,0.5,0.3,4,1.5,989,59,2.51,71,30,30
990,0.5,0.3,4,2.0,990,62,2.29,32,30,30
991,0.5,0.3,4,2.0,991,62,2.16,133,30,30
992,0.5,0.3,4,2.0,992,60,2.6,54,30,30
993,0.5,0.3,4,2.0,993,57,2.51,77,30,30
994,0.5,0.3,4,2.0,994,57,2.67,77,30,30
995,0.5,0.3,4,2.0,995,69,1.83,70,30,30
996,0.5,0.3,4,2.0,996,61,2.28,74,30,30
997,0.5,0.3,4,2.0,997,53,2.96,66,30,30
998,0.5,0.3,4,2.0,998,65,2.0,57,30,30
999,0.5,0.3,4,2.0,999,57,2.39,80,30,30
1000,0.5,0.5,1,0.0,1000,28,7.5,429,30,30
1001,0.5,0.5,1,0.0,1001,32,7.47,455,30,30
1002,0.5,0.5,1,0.0,1002,29,8.0,447,30,30
1003,0.5,0.5,1,0.0,1003,26,8.65,413,30,30
1004,0.5,0.5,1,0.0,1004,38,5.53,441,30,30
1005,0.5,0.5,1,0.0,1005,31,7.42,458,30,30
1006,0.5,0.5,1,0.0,1006,24,9.29,458,30,30
1007,0.5,0.5,1,0.0,1007,31,7.61,443,30,30
1008,0.5,0.5,1,0.0,1008,29,8.0,443,30,30
1009,0.5,0.5,1,0.0,1009,35,5.94,451,30,30
1010,0.5,0.5,1,0.5,1010,5,45.0,447,30,30
1011,0.5,0.5,1,0.5,1011,7,32.43,459,30,30
1012,0.5,0.5,1,0.5,1012,6,34.67,449,30,30
1013,0.5,0.5,1,0.5,1013,5,44.0,444,30,30
1014,0.5,0.5,1,0.5,1014,5,40.0,452,30,30
1015,0.5,0.5,1,0.5,1015,6,37.83,455,30,30
1016,0.5,0.5,1,0.5,1016,6,39.67,475,30,30
1017,0.5,0.5,1,0.5,1017,7,32.0,439,30,30
1018,0.5,0.5,1,0.5,1018,10,23.0,461,30,30
1019,0.5,0.5,1,0.5,1019,9,23.56,420,30,30
1020,0.5,0.5,1,1.0,1020,4,57.25,469,30,30
1021,0.5,0.5,1,1.0,1021,7,33.43,482,30,30
1022,0.5,0.5,1,1.0,1022,7,29.71,426,30,30
1023,0.5,0.5,1,1.0,1023,5,50.2,455,30,30
1024,0.5,0.5,1,1.0,1024,3,70.0,466,30,30
1025,0.5,0.5,1,1.0,1025,5,42.4,454,30,30
1026,0.5,0.5,1,1.0,1026,7,29.86,431,30,30
1027,0.5,0.5,1,1.0,1027,5,45.8,440,30,30
1028,0.5,0.5,1,1.0,1028,5,44.0,447,30,30
1029,0.5,0.5,1,1.0,1029,3,76.33,458,30,30
1030,0.5,0.5,1,1.5,1030,10,19.9,445,30,30
1031,0.5,0.5,1,1.5,1031,4,58.5,476,30,30
1032,0.5,0.5,1,1.5,1032,8,28.88,440,30,30
1033,0.5,0.5,1,1.5,1033,3,80.67,464,30,30
1034,0.5,0.5,1,1.5,1034,7,30.14,450,30,30
1035,0.5,0.5,1,1.5,1035,2,113.5,455,30,30
1036,0.5,0.5,1,1.5,1036,7,30.71,457,30,30
1037,0.5,0.5,1,1.5,1037,6,34.83,451,30,30
1038,0.5,0.5,1,1.5,1038,6,36.17,429,30,30
1039,0.5,0.5,1,1.5,1039,10,22.0,443,30,30
1040,0.5,0.5,1,2.0,1040,5,47.0,456,30,30
1041,0.5,0.5,1,2.0,1041,7,30.14,433,30,30
1042,0.5,0.5,1,2.0,1042,5,42.2,428,30,30
1043,0.5,0.5,1,2.0,1043,3,83.0,459,30,30
1044,0.5,0.5,1,2.0,1044,6,36.33,460,30,30
1045,0.5,0.5,1,2.0,1045,4,55.0,458,30,30
1046,0.5,0.5,1,2.0,1046,6,33.83,422,30,30
1047,0.5,0.5,1,2.0,1047,7,32.57,449,30,30
1048,0.5,0.5,1,2.0,1048,7,28.43,430,30,30
1049,0.5,0.5,1,2.0,1049,7,31.14,469,30,30
1050,0.5,0.5,2,0.0,1050,11,20.0,460,30,30
1051,0.5,0.5,2,0.0,1051,15,13.67,455,30,30
1052,0.5,0.5,2,0.0,1052,16,14.19,478,30,30
1053,0.5,0.5,2,0.0,1053,9,25.33,439,30,30
1054,0.5,0.5,2,0.0,1054,10,21.8,431,30,30
1055,0.5,0.5,2,0.0,1055,9,25.56,451,30,30
1056,0.5,0.5,2,0.0,1056,8,30.88,474,30,30
1057,0.5,0.5,2,0.0,1057,12,17.83,434,30,30
1058,0.5,0.5,2,0.0,1058,10,20.4,431,30,30
1059,0.5,0.5,2,0.0,1059,13,17.46,435,30,30
1060,0.5,0.5,2,0.5,1060,5,48.6,463,30,30
1061,0.5,0.5,2,0.5,1061,5,43.6,462,30,30
1062,0.5,0.5,2,0.5,1062,4,54.75,470,30,30
1063,0.5,0.5,2,0.5,1063,3,79.33,481,30,30
1064,0.5,0.5,2,0.5,1064,6,38.0,462,30,30
1065,0.5,0.5,2,0.5,1065,4,54.75,438,30,30
1066,0.5,0.5,2,0.5,1066,4,53.75,455,30,30
1067,0.5,0.5,2,0.5,1067,4,56.25,451,30,30
1068,0.5,0.5,2,0.5,1068,4,58.75,449,30,30
1069,0.5,0.5,2,0.5,1069,3,70.0,450,30,30
1070,0.5,0.5,2,1.0,1070,5,41.6,441,30,30
1071,0.5,0.5,2,1.0,1071,2,115.5,455,30,30
1072,0.5,0.5,2,1.0,1072,5,41.0,448,30,30
1073,0.5,0.5,2,1.0,1073,6,36.67,441,30,30
1074,0.5,0.5,2,1.0,1074,6,36.67,453,30,30
1075,0.5,0.5,2,1.0,1075,3,78.33,462,30,30
1076,0.5,0.5,2,1.0,1076,4,56.25,480,30,30
1077,0.5,0.5,2,1.0,1077,6,38.0,465,30,30
1078,0.5,0.5,2,1.0,1078,5,45.2,454,30,30
1079,0.5,0.5,2,1.0,1079,6,39.0,456,30,30
1080,0.5,0.5,2,1.5,1080,2,115.5,471,30,30
1081,0.5,0.5,2,1.5,1081,1,232.0,433,30,30
1082,0.5,0.5,2,1.5,1082,3,77.0,465,30,30
1083,0.5,0.5,2,1.5,1083,2,114.5,438,30,30
1084,0.5,0.5,2,1.5,1084,2,110.5,439,30,30
1085,0.5,0.5,2,1.5,1085,2,113.0,437,30,30
1086,0.5,0.5,2,1.5,1086,1,228.0,461,30,30
1087,0.5,0.5,2,1.5,1087,2,110.0,443,30,30
1088,0.5,0.5,2,1.5,1088,2,101.0,427,30,30
1089,0.5,0.5,2,1.5,1089,1,225.0,436,30,30
1090,0.5,0.5,2,2.0,1090,2,105.0,459,30,30
1091,0.5,0.5,2,2.0,1091,2,110.0,443,30,30
1092,0.5,0.5,2,2.0,1092,2,112.5,461,30,30
1093,0.5,0.5,2,2.0,1093,2,118.0,431,30,30
1094,0.5,0.5,2,2.0,1094,3,75.67,455,30,30
1095,0.5,0.5,2,2.0,1095,3,78.67,459,30,30
1096,0.5,0.5,2,2.0,1096,3,73.67,459,30,30
1097,0.5,0.5,2,2.0,1097,1,244.0,454,30,30
1098,0.5,0.5,2,2.0,1098,2,109.0,459,30,30
1099,0.5,0.5,2,2.0,1099,2,123.5,486,30,30
1100,0.5,0.5,3,0.0,1100,6,38.5,470,30,30
1101,0.5,0.5,3,0.0,1101,4,51.25,432,30,30
1102,0.5,0.5,3,0.0,1102,2,117.5,462,30,30
1103,0.5,0.5,3,0.0,1103,8,27.0,445,30,30
1104,0.5,0.5,3,0.0,1104,5,43.8,423,30,30
1105,0.5,0.5,3,0.0,1105,6,35.33,442,30,30
1106,0.5,0.5,3,0.0,1106,6,36.0,459,30,30
1107,0.5,0.5,3,0.0,1107,5,43.4,442,30,30
1108,0.5,0.5,3,0.0,1108,7,32.71,458,30,30
1109,0.5,0.5,3,0.0,1109,7,30.57,436,30,30
1110,0.5,0.5,3,0.5,1110,2,111.0,448,30,30
1111,0.5,0.5,3,0.5,1111,2,105.0,443,30,30
1112,0.5,0.5,3,0.5,1112,3,74.67,463,30,30
1113,0.5,0.5,3,0.5,1113,3,72.67,434,30,30
1114,0.5,0.5,3,0.5,1114,2,116.5,459,30,30
1115,0.5,0.5,3,0.5,1115,2,105.0,436,30,30
1116,0.5,0.5,3,0.5,1116,4,48.25,426,30,30
1117,0.5,0.5,3,0.5,1117,3,73.67,457,30,30
1118,0.5,0.5,3,0.5,1118,2,108.5,454,30,30
1119,0.5,0.5,3,0.5,1119,2,116.5,431,30,30
1120,0.5,0.5,3,1.0,1120,3,75.67,454,30,30
1121,0.5,0.5,3,1.0,1121,2,117.5,461,30,30
1122,0.5,0.5,3,1.0,1122,2,120.5,468,30,30
1123,0.5,0.5,3,1.0,1123,2,111.0,460,30,30
1124,0.5,0.5,3,1.0,1124,2,109.5,451,30,30
1125,0.5,0.5,3,1.0,1125,2,114.5,445,30,30
1126,0.5,0.5,3,1.0,1126,1,229.0,454,30,30
1127,0.5,0.5,3,1.0,1127,2,115.5,467,30,30
1128,0.5,0.5,3,1.0,1128,3,71.67,448,30,30
1129,0.5,0.5,3,1.0,1129,1,239.0,454,30,30
1130,0.5,0.5,3,1.5,1130,60,3.73,51,30,30
1131,0.5,0.5,3,1.5,1131,54,4.61,65,30,30
1132,0.5,0.5,3,1.5,1132,46,5.35,86,30,30
1133,0.5,0.5,3,1.5,1133,57,3.81,62,30,30
1134,0.5,0.5,3,1.5,1134,50,4.54,51,30,30
1135,0.5,0.5,3,1.5,1135,52,4.4,104,30,30
1136,0.5,0.5,3,1.5,1136,44,5.02,83,30,30
1137,0.5,0.5,3,1.5,1137,57,3.79,46,30,30
1138,0.5,0.5,3,1.5,1138,42,5.57,98,30,30
1139,0.5,0.5,3,1.5,1139,45,4.42,108,30,30
1140,0.5,0.5,3,2.0,1140,52,4.38,57,30,30
1141,0.5,0.5,3,2.0,1141,48,4.58,74,30,30
1142,0.5,0.5,3,2.0,1142,50,4.22,67,30,30
1143,0.5,0.5,3,2.0,1143,46,4.96,70,30,30
1144,0.5,0.5,3,2.0,1144,53,4.42,98,30,30
1145,0.5,0.5,3,2.0,1145,44,5.2,105,30,30
1146,0.5,0.5,3,2.0,1146,52,4.23,68,30,30
1147,0.5,0.5,3,2.0,1147,46,5.26,78,30,30
1148,0.5,0.5,3,2.0,1148,44,5.39,42,30,30
1149,0.5,0.5,3,2.0,1149,48,4.83,77,30,30
1150,0.5,0.5,4,0.0,1150,6,39.33,463,30,30
1151,0.5,0.5,4,0.0,1151,5,46.2,460,30,30
1152,0.5,0.5,4,0.0,1152,3,77.33,456,30,30
1153,0.5,0.5,4,0.0,1153,7,35.71,473,30,30
1154,0.5,0.5,4,0.0,1154,3,67.33,432,30,30
1155,0.5,0.5,4,0.0,1155,4,52.5,438,30,30
1156,0.5,0.5,4,0.0,1156,1,228.0,461,30,30
1157,0.5,0.5,4,0.0,1157,2,117.0,461,30,30
1158,0.5,0.5,4,0.0,1158,4,64.0,472,30,30
1159,0.5,0.5,4,0.0,1159,3,77.67,461,30,30
1160,0.5,0.5,4,0.5,1160,53,4.47,65,30,30
1161,0.5,0.5,4,0.5,1161,54,3.94,48,30,30
1162,0.5,0.5,4,0.5,1162,51,4.37,56,30,30
1163,0.5,0.5,4,0.5,1163,53,4.08,35,30,30
1164,0.5,0.5,4,0.5,1164,62,3.73,76,30,30
1165,0.5,0.5,4,0.5,1165,54,4.28,91,30,30
1166,0.5,0.5,4,0.5,1166,47,4.91,50,30,30
1167,0.5,0.5,4,0.5,1167,51,4.33,74,30,30
1168,0.5,0.5,4,0.5,1168,67,3.39,34,30,30
1169,0.5,0.5,4,0.5,1169,58,3.81,75,30,30
1170,0.5,0.5,4,1.0,1170,51,4.14,55,30,30
1171,0.5,0.5,4,1.0,1171,59,3.37,59,30,30
1172,0.5,0.5,4,1.0,1172,47,4.68,57,30,30
1173,0.5,0.5,4,1.0,1173,47,4.66,26,30,30
1174,0.5,0.5,4,1.0,1174,48,5.27,54,30,30
1175,0.5,0.5,4,1.0,1175,55,4.11,35,30,30
1176,0.5,0.5,4,1.0,1176,53,4.32,52,30,30
1177,0.5,0.5,4,1.0,1177,52,4.77,39,30,30
1178,0.5,0.5,4,1.0,1178,52,4.88,66,30,30
1179,0.5,0.5,4,1.0,1179,43,5.56,43,30,30
1180,0.5,0.5,4,1.5,1180,49,4.63,26,30,30
1181,0.5,0.5,4,1.5,1181,59,3.68,16,30,30
1182,0.5,0.5,4,1.5,1182,60,3.68,17,30,30
1183,0.5,0.5,4,1.5,1183,53,4.38,12,30,30
1184,0.5,0.5,4,1.5,1184,50,4.58,20,30,30
1185,0.5,0.5,4,1.5,1185,43,5.7,28,30,30
1186,0.5,0.5,4,1.5,1186,49,4.51,37,30,30
1187,0.5,0.5,4,1.5,1187,56,3.96,17,30,30
1188,0.5,0.5,4,1.5,1188,56,4.02,22,30,30
1189,0.5,0.5,4,1.5,1189,50,4.88,19,30,30
1190,0.5,0.5,4,2.0,1190,52,4.65,19,30,30
1191,0.5,0.5,4,2.0,1191,54,4.09,31,30,30
1192,0.5,0.5,4,2.0,1192,54,4.39,16,30,30
1193,0.5,0.5,4,2.0,1193,47,5.17,25,30,30
1194,0.5,0.5,4,2.0,1194,52,4.56,17,30,30
1195,0.5,0.5,4,2.0,1195,67,3.37,16,30,30
1196,0.5,0.5,4,2.0,1196,55,4.27,25,30,30
1197,0.5,0.5,4,2.0,1197,58,3.72,29,30,30
1198,0.5,0.5,4,2.0,1198,54,4.39,24,30,30
1199,0.5,0.5,4,2.0,1199,68,3.43,14,30,30
1200,0.7,0.1,1,0.0,1200,20,3.75,653,30,30
1201,0.7,0.1,1,0.0,1201,16,3.31,627,30,30
1202,0.7,0.1,1,0.0,1202,14,4.29,637,30,30
1203,0.7,0.1,1,0.0,1203,21,3.62,619,30,30
1204,0.7,0.1,1,0.0,1204,20,3.05,632,30,30
1205,0.7,0.1,1,0.0,1205,18,3.33,603,30,30
1206,0.7,0.1,1,0.0,1206,25,3.28,619,30,30
1207,0.7,0.1,1,0.0,1207,16,4.31,657,30,30
1208,0.7,0.1,1,0.0,1208,21,3.48,624,30,30
1209,0.7,0.1,1,0.0,1209,21,3.33,613,30,30
1210,0.7,0.1,1,0.5,1210,4,15.25,646,30,30
1211,0.7,0.1,1,0.5,1211,5,12.2,630,30,30
1212,0.7,0.1,1,0.5,1212,4,14.75,621,30,30
1213,0.7,0.1,1,0.5,1213,2,35.5,645,30,30
1214,0.7,0.1,1,0.5,1214,3,21.0,609,30,30
1215,0.7,0.1,1,0.5,1215,4,17.75,623,30,30
1216,0.7,0.1,1,0.5,1216,4,17.0,628,30,30
1217,0.7,0.1,1,0.5,1217,2,26.5,626,30,30
1218,0.7,0.1,1,0.5,1218,5,10.6,637,30,30
1219,0.7,0.1,1,0.5,1219,4,13.0,647,30,30
1220,0.7,0.1,1,1.0,1220,4,17.0,625,30,30
1221,0.7,0.1,1,1.0,1221,2,25.5,611,30,30
1222,0.7,0.1,1,1.0,1222,4,17.25,605,30,30
1223,0.7,0.1,1,1.0,1223,2,31.0,630,30,30
1224,0.7,0.1,1,1.0,1224,3,18.67,627,30,30
1225,0.7,0.1,1,1.0,1225,3,16.67,624,30,30
1226,0.7,0.1,1,1.0,1226,3,24.0,654,30,30
1227,0.7,0.1,1,1.0,1227,4,16.0,612,30,30
1228,0.7,0.1,1,1.0,1228,2,27.0,620,30,30
1229,0.7,0.1,1,1.0,1229,4,15.5,627,30,30
1230,0.7,0.1,1,1.5,1230,3,22.67,626,30,30
1231,0.7,0.1,1,1.5,1231,3,18.67,645,30,30
1232,0.7,0.1,1,1.5,1232,6,11.0,626,30,30
1233,0.7,0.1,1,1.5,1233,6,12.0,636,30,30
1234,0.7,0.1,1,1.5,1234,4,15.75,624,30,30
1235,0.7,0.1,1,1.5,1235,4,15.0,623,30,30
1236,0.7,0.1,1,1.5,1236,2,26.5,629,30,30
1237,0.7,0.1,1,1.5,1237,4,15.75,634,30,30
1238,0.7,0.1,1,1.5,1238,5,10.8,640,30,30
1239,0.7,0.1,1,1.5,1239,2,36.0,621,30,30
1240,0.7,0.1,1,2.0,1240,4,17.25,639,30,30
1241,0.7,0.1,1,2.0,1241,5,11.8,634,30,30
1242,0.7,0.1,1,2.0,1242,4,16.0,662,30,30
1243,0.7,0.1,1,2.0,1243,4,17.5,642,30,30
1244,0.7,0.1,1,2.0,1244,4,14.75,618,30,30
1245,0.7,0.1,1,2.0,1245,5,13.4,612,30,30
1246,0.7,0.1,1,2.0,1246,5,11.8,637,30,30
1247,0.7,0.1,1,2.0,1247,5,14.0,628,30,30
1248,0.7,0.1,1,2.0,1248,4,14.25,631,30,30
1249,0.7,0.1,1,2.0,1249,4,16.5,611,30,30
1250,0.7,0.1,2,0.0,1250,6,10.83,649,30,30
1251,0.7,0.1,2,0.0,1251,11,7.0,629,30,30
1252,0.7,0.1,2,0.0,1252,10,7.1,644,30,30
1253,0.7,0.1,2,0.0,1253,7,8.57,629,30,30
1254,0.7,0.1,2,0.0,1254,7,8.57,622,30,30
1255,0.7,0.1,2,0.0,1255,5,9.8,643,30,30
1256,0.7,0.1,2,0.0,1256,8,8.0,636,30,30
1257,0.7,0.1,2,0.0,1257,12,6.75,654,30,30
1258,0.7,0.1,2,0.0,1258,9,8.44,657,30,30
1259,0.7,0.1,2,0.0,1259,8,7.0,643,30,30
1260,0.7,0.1,2,0.5,1260,2,35.5,608,30,30
1261,0.7,0.1,2,0.5,1261,3,21.67,633,30,30
1262,0.7,0.1,2,0.5,1262,4,19.0,624,30,30
1263,0.7,0.1,2,0.5,1263,3,24.67,636,30,30
1264,0.7,0.1,2,0.5,1264,4,14.75,643,30,30
1265,0.7,0.1,2,0.5,1265,3,24.67,627,30,30
1266,0.7,0.1,2,0.5,1266,2,31.5,609,30,30
1267,0.7,0.1,2,0.5,1267,2,31.5,634,30,30
1268,0.7,0.1,2,0.5,1268,3,21.0,644,30,30
1269,0.7,0.1,2,0.5,1269,4,16.75,625,30,30
1270,0.7,0.1,2,1.0,1270,2,30.5,629,30,30
1271,0.7,0.1,2,1.0,1271,6,10.67,631,30,30
1272,0.7,0.1,2,1.0,1272,2,35.0,627,30,30
1273,0.7,0.1,2,1.0,1273,2,36.0,630,30,30
1274,0.7,0.1,2,1.0,1274,4,13.5,629,30,30
1275,0.7,0.1,2,1.0,1275,3,16.67,630,30,30
1276,0.7,0.1,2,1.0,1276,3,19.0,633,30,30
1277,0.7,0.1,2,1.0,1277,2,29.0,605,30,30
1278,0.7,0.1,2,1.0,1278,3,19.0,655,30,30
1279,0.7,0.1,2,1.0,1279,3,18.67,614,30,30
1280,0.7,0.1,2,1.5,1280,3,19.0,630,30,30
1281,0.7,0.1,2,1.5,1281,1,62.0,614,30,30
1282,0.7,0.1,2,1.5,1282,2,26.5,625,30,30
1283,0.7,0.1,2,1.5,1283,3,18.33,654,30,30
1284,0.7,0.1,2,1.5,1284,5,13.8,631,30,30
1285,0.7,0.1,2,1.5,1285,4,16.5,617,30,30
1286,0.7,0.1,2,1.5,1286,3,21.67,617,30,30
1287,0.7,0.1,2,1.5,1287,2,35.5,637,30,30
1288,0.7,0.1,2,1.5,1288,1,54.0,639,30,30
1289,0.7,0.1,2,1.5,1289,2,29.0,627,30,30
1290,0.7,0.1,2,2.0,1290,2,36.5,629,30,30
1291,0.7,0.1,2,2.0,1291,2,29.5,619,30,30
1292,0.7,0.1,2,2.0,1292,3,18.33,639,30,30
1293,0.7,0.1,2,2.0,1293,2,35.5,637,30,30
1294,0.7,0.1,2,2.0,1294,3,22.67,637,30,30
1295,0.7,0.1,2,2.0,1295,1,69.0,620,30,30
1296,0.7,0.1,2,2.0,1296,2,27.5,623,30,30
1297,0.7,0.1,2,2.0,1297,3,19.0,634,30,30
1298,0.7,0.1,2,2.0,1298,1,49.0,640,30,30
1299,0.7,0.1,2,2.0,1299,2,32.5,622,30,30
1300,0.7,0.1,3,0.0,1300,14,2.93,605,30,30
1301,0.7,0.1,3,0.0,1301,5,12.6,606,30,30
1302,0.7,0.1,3,0.0,1302,6,11.33,624,30,30
1303,0.7,0.1,3,0.0,1303,4,19.5,629,30,30
1304,0.7,0.1,3,0.0,1304,5,14.4,629,30,30
1305,0.7,0.1,3,0.0,1305,5,10.4,619,30,30
1306,0.7,0.1,3,0.0,1306,11,5.18,620,30,30
1307,0.7,0.1,3,0.0,1307,16,3.56,611,30,30
1308,0.7,0.1,3,0.0,1308,3,18.33,635,30,30
1309,0.7,0.1,3,0.0,1309,20,3.2,618,30,30
1310,0.7,0.1,3,0.5,1310,2,34.0,615,30,30
1311,0.7,0.1,3,0.5,1311,3,23.33,645,30,30
1312,0.7,0.1,3,0.5,1312,2,27.0,623,30,30
1313,0.7,0.1,3,0.5,1313,2,29.0,640,30,30
1314,0.7,0.1,3,0.5,1314,1,57.0,627,30,30
1315,0.7,0.1,3,0.5,1315,9,6.33,620,30,30
1316,0.7,0.1,3,0.5,1316,2,30.0,608,30,30
1317,0.7,0.1,3,0.5,1317,4,16.75,626,30,30
1318,0.7,0.1,3,0.5,1318,2,38.0,636,30,30
1319,0.7,0.1,3,0.5,1319,2,31.5,633,30,30
1320,0.7,0.1,3,1.0,1320,1,68.0,613,30,30
1321,0.7,0.1,3,1.0,1321,1,80.0,642,30,30
1322,0.7,0.1,3,1.0,1322,2,21.5,612,30,30
1323,0.7,0.1,3,1.0,1323,1,56.0,648,30,30
1324,0.7,0.1,3,1.0,1324,1,59.0,624,30,30
1325,0.7,0.1,3,1.0,1325,1,70.0,624,30,30
1326,0.7,0.1,3,1.0,1326,1,56.0,622,30,30
1327,0.7,0.1,3,1.0,1327,1,65.0,650,30,30
1328,0.7,0.1,3,1.0,1328,1,65.0,622,30,30
1329,0.7,0.1,3,1.0,1329,1,64.0,612,30,30
1330,0.7,0.1,3,1.5,1330,21,2.9,504,30,30
1331,0.7,0.1,3,1.5,1331,35,1.71,511,30,30
1332,0.7,0.1,3,1.5,1332,32,2.06,523,30,30
1333,0.7,0.1,3,1.5,1333,31,1.81,484,30,30
1334,0.7,0.1,3,1.5,1334,34,1.74,497,30,30
1335,0.7,0.1,3,1.5,1335,30,2.27,510,30,30
1336,0.7,0.1,3,1.5,1336,33,2.33,490,30,30
1337,0.7,0.1,3,1.5,1337,33,2.0,516,30,30
1338,0.7,0.1,3,1.5,1338,34,1.79,474,30,30
1339,0.7,0.1,3,1.5,1339,33,1.97,517,30,30
1340,0.7,0.1,3,2.0,1340,34,1.79,499,30,30
1341,0.7,0.1,3,2.0,1341,34,2.03,472,30,30
1342,0.7,0.1,3,2.0,1342,39,1.69,504,30,30
1343,0.7,0.1,3,2.0,1343,32,1.81,503,30,30
1344,0.7,0.1,3,2.0,1344,25,2.2,510,30,30
1345,0.7,0.1,3,2.0,1345,27,2.41,497,30,30
1346,0.7,0.1,3,2.0,1346,34,2.26,454,30,30
1347,0.7,0.1,3,2.0,1347,30,2.23,498,30,30
1348,0.7,0.1,3,2.0,1348,34,1.79,516,30,30
1349,0.7,0.1,3,2.0,1349,28,2.07,529,30,30
1350,0.7,0.1,4,0.0,1350,11,5.64,629,30,30
1351,0.7,0.1,4,0.0,1351,8,7.5,644,30,30
1352,0.7,0.1,4,0.0,1352,9,7.33,631,30,30
1353,0.7,0.1,4,0.0,1353,17,3.71,604,30,30
1354,0.7,0.1,4,0.0,1354,19,3.16,602,30,30
1355,0.7,0.1,4,0.0,1355,36,1.86,583,30,30
1356,0.7,0.1,4,0.0,1356,15,5.07,637,30,30
1357,0.7,0.1,4,0.0,1357,36,1.69,568,30,30
1358,0.7,0.1,4,0.0,1358,36,1.58,591,30,30
1359,0.7,0.1,4,0.0,1359,6,10.83,630,30,30
1360,0.7,0.1,4,0.5,1360,31,2.29,526,30,30
1361,0.7,0.1,4,0.5,1361,26,2.23,514,30,30
1362,0.7,0.1,4,0.5,1362,28,2.64,500,30,30
1363,0.7,0.1,4,0.5,1363,31,2.45,508,30,30
1364,0.7,0.1,4,0.5,1364,31,1.9,532,30,30
1365,0.7,0.1,4,0.5,1365,25,1.68,562,30,30
1366,0.7,0.1,4,0.5,1366,28,1.82,533,30,30
1367,0.7,0.1,4,0.5,1367,34,2.03,541,30,30
1368,0.7,0.1,4,0.5,1368,31,2.1,498,30,30
1369,0.7,0.1,4,0.5,1369,25,2.36,526,30,30
1370,0.7,0.1,4,1.0,1370,29,1.55,484,30,30
1371,0.7,0.1,4,1.0,1371,32,1.91,490,30,30
1372,0.7,0.1,4,1.0,1372,28,1.68,482,30,30
1373,0.7,0.1,4,1.0,1373,26,2.04,521,30,30
1374,0.7,0.1,4,1.0,1374,31,2.03,485,30,30
1375,0.7,0.1,4,1.0,1375,31,1.9,468,30,30
1376,0.7,0.1,4,1.0,1376,36,1.5,519,30,30
1377,0.7,0.1,4,1.0,1377,32,2.06,503,30,30
1378,0.7,0.1,4,1.0,1378,34,2.21,446,30,30
1379,0.7,0.1,4,1.0,1379,29,1.86,549,30,30
1380,0.7,0.1,4,1.5,1380,32,1.62,464,30,30
1381,0.7,0.1,4,1.5,1381,32,2.12,428,30,30
1382,0.7,0.1,4,1.5,1382,27,2.04,469,30,30
1383,0.7,0.1,4,1.5,1383,32,1.88,449,30,30
1384,0.7,0.1,4,1.5,1384,39,1.67,418,30,30
1385,0.7,0.1,4,1.5,1385,45,1.49,418,30,30
1386,0.7,0.1,4,1.5,1386,27,2.19,436,30,30
1387,0.7,0.1,4,1.5,1387,31,2.0,422,30,30
1388,0.7,0.1,4,1.5,1388,32,1.88,447,30,30
1389,0.7,0.1,4,1.5,1389,30,2.27,476,30,30
1390,0.7,0.1,4,2.0,1390,35,1.83,438,30,30
1391,0.7,0.1,4,2.0,1391,33,2.0,429,30,30
1392,0.7,0.1,4,2.0,1392,35,1.51,491,30,30
1393,0.7,0.1,4,2.0,1393,37,1.78,392,30,30
1394,0.7,0.1,4,2.0,1394,34,1.71,448,30,30
1395,0.7,0.1,4,2.0,1395,34,1.85,460,30,30
1396,0.7,0.1,4,2.0,1396,30,1.83,459,30,30
1397,0.7,0.1,4,2.0,1397,38,2.03,429,30,30
1398,0.7,0.1,4,2.0,1398,35,2.0,454,30,30
1399,0.7,0.1,4,2.0,1399,38,1.47,433,30,30
1400,0.7,0.3,1,0.0,1400,30,6.0,638,30,30
1401,0.7,0.3,1,0.0,1401,31,6.03,623,30,30
1402,0.7,0.3,1,0.0,1402,32,5.34,605,30,30
1403,0.7,0.3,1,0.0,1403,27,8.19,651,30,30
1404,0.7,0.3,1,0.0,1404,31,5.58,615,30,30
1405,0.7,0.3,1,0.0,1405,36,4.89,628,30,30
1406,0.7,0.3,1,0.0,1406,35,5.4,621,30,30
1407,0.7,0.3,1,0.0,1407,26,7.77,619,30,30
1408,0.7,0.3,1,0.0,1408,27,7.63,656,30,30
1409,0.7,0.3,1,0.0,1409,38,5.0,623,30,30
1410,0.7,0.3,1,0.5,1410,4,43.75,621,30,30
1411,0.7,0.3,1,0.5,1411,8,24.5,626,30,30
1412,0.7,0.3,1,0.5,1412,9,21.44,629,30,30
1413,0.7,0.3,1,0.5,1413,5,36.0,625,30,30
1414,0.7,0.3,1,0.5,1414,5,38.2,644,30,30
1415,0.7,0.3,1,0.5,1415,5,35.8,605,30,30
1416,0.7,0.3,1,0.5,1416,9,23.11,606,30,30
1417,0.7,0.3,1,0.5,1417,9,20.33,660,30,30
1418,0.7,0.3,1,0.5,1418,5,39.0,634,30,30
1419,0.7,0.3,1,0.5,1419,7,28.29,628,30,30
1420,0.7,0.3,1,1.0,1420,2,89.0,622,30,30
1421,0.7,0.3,1,1.0,1421,4,49.75,622,30,30
1422,0.7,0.3,1,1.0,1422,3,67.67,659,30,30
1423,0.7,0.3,1,1.0,1423,3,62.67,623,30,30
1424,0.7,0.3,1,1.0,1424,4,45.75,632,30,30
1425,0.7,0.3,1,1.0,1425,3,63.0,620,30,30
1426,0.7,0.3,1,1.0,1426,3,72.67,632,30,30
1427,0.7,0.3,1,1.0,1427,4,49.0,636,30,30
1428,0.7,0.3,1,1.0,1428,3,64.33,644,30,30
1429,0.7,0.3,1,1.0,1429,5,38.8,656,30,30
1430,0.7,0.3,1,1.5,1430,3,66.67,639,30,30
1431,0.7,0.3,1,1.5,1431,4,45.5,598,30,30
1432,0.7,0.3,1,1.5,1432,6,29.33,611,30,30
1433,0.7,0.3,1,1.5,1433,6,31.5,630,30,30
1434,0.7,0.3,1,1.5,1434,4,50.5,619,30,30
1435,0.7,0.3,1,1.5,1435,3,65.33,642,30,30
1436,0.7,0.3,1,1.5,1436,3,55.0,631,30,30
1437,0.7,0.3,1,1.5,1437,3,69.0,635,30,30
1438,0.7,0.3,1,1.5,1438,5,37.4,643,30,30
1439,0.7,0.3,1,1.5,1439,3,62.33,648,30,30
1440,0.7,0.3,1,2.0,1440,4,41.0,631,30,30
1441,0.7,0.3,1,2.0,1441,5,38.8,635,30,30
1442,0.7,0.3,1,2.0,1442,2,110.0,656,30,30
1443,0.7,0.3,1,2.0,1443,3,60.67,628,30,30
1444,0.7,0.3,1,2.0,1444,3,57.33,612,30,30
1445,0.7,0.3,1,2.0,1445,3,57.67,636,30,30
1446,0.7,0.3,1,2.0,1446,4,43.75,613,30,30
1447,0.7,0.3,1,2.0,1447,5,39.6,619,30,30
1448,0.7,0.3,1,2.0,1448,3,60.67,621,30,30
1449,0.7,0.3,1,2.0,1449,3,62.0,635,30,30
1450,0.7,0.3,2,0.0,1450,9,22.89,639,30,30
1451,0.7,0.3,2,0.0,1451,11,16.27,650,30,30
1452,0.7,0.3,2,0.0,1452,14,13.57,631,30,30
1453,0.7,0.3,2,0.0,1453,11,19.45,616,30,30
1454,0.7,0.3,2,0.0,1454,13,14.23,636,30,30
1455,0.7,0.3,2,0.0,1455,10,18.9,604,30,30
1456,0.7,0.3,2,0.0,1456,13,14.08,661,30,30
1457,0.7,0.3,2,0.0,1457,11,18.55,657,30,30
1458,0.7,0.3,2,0.0,1458,10,20.3,635,30,30
1459,0.7,0.3,2,0.0,1459,10,16.7,620,30,30
1460,0.7,0.3,2,0.5,1460,8,23.75,618,30,30
1461,0.7,0.3,2,0.5,1461,5,42.4,665,30,30
1462,0.7,0.3,2,0.5,1462,5,33.2,608,30,30
1463,0.7,0.3,2,0.5,1463,4,49.5,622,30,30
1464,0.7,0.3,2,0.5,1464,4,49.25,622,30,30
1465,0.7,0.3,2,0.5,1465,5,32.6,617,30,30
1466,0.7,0.3,2,0.5,1466,5,33.8,603,30,30
1467,0.7,0.3,2,0.5,1467,3,58.0,638,30,30
1468,0.7,0.3,2,0.5,1468,2,93.0,646,30,30
1469,0.7,0.3,2,0.5,1469,4,47.5,634,30,30
1470,0.7,0.3,2,1.0,1470,3,64.67,650,30,30
1471,0.7,0.3,2,1.0,1471,4,48.0,620,30,30
1472,0.7,0.3,2,1.0,1472,2,101.5,653,30,30
1473,0.7,0.3,2,1.0,1473,3,57.67,610,30,30
1474,0.7,0.3,2,1.0,1474,3,61.33,628,30,30
1475,0.7,0.3,2,1.0,1475,5,36.8,628,30,30
1476,0.7,0.3,2,1.0,1476,4,46.75,617,30,30
1477,0.7,0.3,2,1.0,1477,5,39.4,608,30,30
1478,0.7,0.3,2,1.0,1478,3,62.0,627,30,30
1479,0.7,0.3,2,1.0,1479,4,52.25,618,30,30
1480,0.7,0.3,2,1.5,1480,2,92.5,631,30,30
1481,0.7,0.3,2,1.5,1481,1,187.0,632,30,30
1482,0.7,0.3,2,1.5,1482,2,94.0,621,30,30
1483,0.7,0.3,2,1.5,1483,3,61.67,624,30,30
1484,0.7,0.3,2,1.5,1484,1,170.0,639,30,30
1485,0.7,0.3,2,1.5,1485,2,90.5,627,30,30
1486,0.7,0.3,2,1.5,1486,2,97.5,639,30,30
1487,0.7,0.3,2,1.5,1487,3,65.67,618,30,30
1488,0.7,0.3,2,1.5,1488,3,60.33,626,30,30
1489,0.7,0.3,2,1.5,1489,1,186.0,633,30,30
1490,0.7,0.3,2,2.0,1490,1,183.0,617,30,30
1491,0.7,0.3,2,2.0,1491,2,97.5,617,30,30
1492,0.7,0.3,2,2.0,1492,2,85.0,627,30,30
1493,0.7,0.3,2,2.0,1493,2,95.5,656,30,30
1494,0.7,0.3,2,2.0,1494,2,88.0,617,30,30
1495,0.7,0.3,2,2.0,1495,1,195.0,628,30,30
1496,0.7,0.3,2,2.0,1496,2,92.5,612,30,30
1497,0.7,0.3,2,2.0,1497,3,62.0,639,30,30
1498,0.7,0.3,2,2.0,1498,1,177.0,633,30,30
1499,0.7,0.3,2,2.0,1499,1,181.0,633,30,30
1500,0.7,0.3,3,0.0,1500,5,35.8,622,30,30
1501,0.7,0.3,3,0.0,1501,8,23.62,617,30,30
1502,0.7,0.3,3,0.0,1502,4,53.25,660,30,30
1503,0.7,0.3,3,0.0,1503,5,34.6,627,30,30
1504,0.7,0.3,3,0.0,1504,10,20.4,634,30,30
1505,0.7,0.3,3,0.0,1505,8,22.12,623,30,30
1506,0.7,0.3,3,0.0,1506,10,19.4,663,30,30
1507,0.7,0.3,3,0.0,1507,8,21.62,625,30,30
1508,0.7,0.3,3,0.0,1508,9,20.11,621,30,30
1509,0.7,0.3,3,0.0,1509,7,24.86,602,30,30
1510,0.7,0.3,3,0.5,1510,2,91.0,623,30,30
1511,0.7,0.3,3,0.5,1511,3,60.67,630,30,30
1512,0.7,0.3,3,0.5,1512,4,47.25,629,30,30
1513,0.7,0.3,3,0.5,1513,2,93.5,645,30,30
1514,0.7,0.3,3,0.5,1514,2,88.0,632,30,30
1515,0.7,0.3,3,0.5,1515,1,171.0,634,30,30
1516,0.7,0.3,3,0.5,1516,2,89.5,635,30,30
1517,0.7,0.3,3,0.5,1517,3,65.67,642,30,30
1518,0.7,0.3,3,0.5,1518,3,65.33,644,30,30
1519,0.7,0.3,3,0.5,1519,1,178.0,642,30,30
1520,0.7,0.3,3,1.0,1520,2,91.0,638,30,30
1521,0.7,0.3,3,1.0,1521,4,45.0,617,30,30
1522,0.7,0.3,3,1.0,1522,1,195.0,615,30,30
1523,0.7,0.3,3,1.0,1523,2,90.5,629,30,30
1524,0.7,0.3,3,1.0,1524,1,181.0,632,30,30
1525,0.7,0.3,3,1.0,1525,2,98.5,641,30,30
1526,0.7,0.3,3,1.0,1526,2,80.5,614,30,30
1527,0.7,0.3,3,1.0,1527,1,203.0,635,30,30
1528,0.7,0.3,3,1.0,1528,1,207.0,657,30,30
1529,0.7,0.3,3,1.0,1529,2,94.0,646,30,30
1530,0.7,0.3,3,1.5,1530,36,5.47,345,30,30
1531,0.7,0.3,3,1.5,1531,36,5.5,321,30,30
1532,0.7,0.3,3,1.5,1532,36,4.78,350,30,30
1533,0.7,0.3,3,1.5,1533,43,4.33,264,30,30
1534,0.7,0.3,3,1.5,1534,41,4.41,308,30,30
1535,0.7,0.3,3,1.5,1535,34,5.29,294,30,30
1536,0.7,0.3,3,1.5,1536,40,4.47,262,30,30
1537,0.7,0.3,3,1.5,1537,31,6.19,298,30,30
1538,0.7,0.3,3,1.5,1538,41,3.98,304,30,30
1539,0.7,0.3,3,1.5,1539,38,4.87,299,30,30
1540,0.7,0.3,3,2.0,1540,46,3.98,245,30,30
1541,0.7,0.3,3,2.0,1541,38,4.5,268,30,30
1542,0.7,0.3,3,2.0,1542,45,4.29,276,30,30
1543,0.7,0.3,3,2.0,1543,38,4.87,281,30,30
1544,0.7,0.3,3,2.0,1544,38,5.21,268,30,30
1545,0.7,0.3,3,2.0,1545,38,4.82,298,30,30
1546,0.7,0.3,3,2.0,1546,49,3.69,260,30,30
1547,0.7,0.3,3,2.0,1547,37,5.27,242,30,30
1548,0.7,0.3,3,2.0,1548,46,4.02,257,30,30
1549,0.7,0.3,3,2.0,1549,33,5.64,271,30,30
1550,0.7,0.3,4,0.0,1550,11,16.27,641,30,30
1551,0.7,0.3,4,0.0,1551,7,26.29,640,30,30
1552,0.7,0.3,4,0.0,1552,3,65.33,641,30,30
1553,0.7,0.3,4,0.0,1553,10,17.7,591,30,30
1554,0.7,0.3,4,0.0,1554,2,86.0,626,30,30
1555,0.7,0.3,4,0.0,1555,3,63.67,621,30,30
1556,0.7,0.3,4,0.0,1556,3,67.0,625,30,30
1557,0.7,0.3,4,0.0,1557,5,37.0,621,30,30
1558,0.7,0.3,4,0.0,1558,3,63.67,639,30,30
1559,0.7,0.3,4,0.0,1559,2,103.5,650,30,30
1560,0.7,0.3,4,0.5,1560,26,7.46,457,30,30
1561,0.7,0.3,4,0.5,1561,27,6.81,452,30,30
1562,0.7,0.3,4,0.5,1562,25,7.0,453,30,30
1563,0.7,0.3,4,0.5,1563,24,8.08,485,30,30
1564,0.7,0.3,4,0.5,1564,38,4.95,414,30,30
1565,0.7,0.3,4,0.5,1565,24,8.12,474,30,30
1566,0.7,0.3,4,0.5,1566,26,7.77,433,30,30
1567,0.7,0.3,4,0.5,1567,28,6.75,432,30,30
1568,0.7,0.3,4,0.5,1568,27,7.15,524,30,30
1569,0.7,0.3,4,0.5,1569,33,5.7,441,30,30
1570,0.7,0.3,4,1.0,1570,36,5.64,298,30,30
1571,0.7,0.3,4,1.0,1571,37,4.59,311,30,30
1572,0.7,0.3,4,1.0,1572,29,6.31,320,30,30
1573,0.7,0.3,4,1.0,1573,27,7.15,309,30,30
1574,0.7,0.3,4,1.0,1574,31,5.45,311,30,30
1575,0.7,0.3,4,1.0,1575,44,4.3,295,30,30
1576,0.7,0.3,4,1.0,1576,37,4.73,297,30,30
1577,0.7,0.3,4,1.0,1577,35,5.66,305,30,30
1578,0.7,0.3,4,1.0,1578,42,4.52,293,30,30
1579,0.7,0.3,4,1.0,1579,29,6.52,312,30,30
1580,0.7,0.3,4,1.5,1580,44,4.45,162,30,30
1581,0.7,0.3,4,1.5,1581,48,4.12,146,30,30
1582,0.7,0.3,4,1.5,1582,58,3.03,180,30,30
1583,0.7,0.3,4,1.5,1583,60,3.03,145,30,30
1584,0.7,0.3,4,1.5,1584,52,3.46,218,30,30
1585,0.7,0.3,4,1.5,1585,42,4.45,206,30,30
1586,0.7,0.3,4,1.5,1586,59,3.64,75,30,30
1587,0.7,0.3,4,1.5,1587,64,2.84,180,30,30
1588,0.7,0.3,4,1.5,1588,55,3.67,144,30,30
1589,0.7,0.3,4,1.5,1589,60,2.92,164,30,30
1590,0.7,0.3,4,2.0,1590,39,5.15,173,30,30
1591,0.7,0.3,4,2.0,1591,38,5.11,196,30,30
1592,0.7,0.3,4,2.0,1592,47,4.23,188,30,30
1593,0.7,0.3,4,2.0,1593,43,4.53,185,30,30
1594,0.7,0.3,4,2.0,1594,50,3.82,158,30,30
1595,0.7,0.3,4,2.0,1595,52,3.71,186,30,30
1596,0.7,0.3,4,2.0,1596,42,4.29,171,30,30
1597,0.7,0.3,4,2.0,1597,55,3.36,151,30,30
1598,0.7,0.3,4,2.0,1598,56,3.34,144,30,30
1599,0.7,0.3,4,2.0,1599,52,2.9,213,30,30
1600,0.7,0.5,1,0.0,1600,16,20.06,637,30,30
1601,0.7,0.5,1,0.0,1601,18,17.17,604,30,30
1602,0.7,0.5,1,0.0,1602,10,32.2,634,30,30
1603,0.7,0.5,1,0.0,1603,15,21.73,626,30,30
1604,0.7,0.5,1,0.0,1604,13,25.15,639,30,30
1605,0.7,0.5,1,0.0,1605,16,18.62,624,30,30
1606,0.7,0.5,1,0.0,1606,15,20.8,639,30,30
1607,0.7,0.5,1,0.0,1607,23,12.83,627,30,30
1608,0.7,0.5,1,0.0,1608,19,16.74,619,30,30
1609,0.7,0.5,1,0.0,1609,19,15.74,630,30,30
1610,0.7,0.5,1,0.5,1610,4,74.0,619,30,30
1611,0.7,0.5,1,0.5,1611,2,166.0,659,30,30
1612,0.7,0.5,1,0.5,1612,3,105.33,635,30,30
1613,0.7,0.5,1,0.5,1613,2,160.0,612,30,30
1614,0.7,0.5,1,0.5,1614,5,62.0,630,30,30
1615,0.7,0.5,1,0.5,1615,3,105.67,613,30,30
1616,0.7,0.5,1,0.5,1616,4,81.25,643,30,30
1617,0.7,0.5,1,0.5,1617,3,100.0,626,30,30
1618,0.7,0.5,1,0.5,1618,3,112.33,634,30,30
1619,0.7,0.5,1,0.5,1619,5,62.6,625,30,30
1620,0.7,0.5,1,1.0,1620,4,70.25,616,30,30
1621,0.7,0.5,1,1.0,1621,2,160.5,628,30,30
1622,0.7,0.5,1,1.0,1622,3,97.67,619,30,30
1623,0.7,0.5,1,1.0,1623,3,111.67,659,30,30
1624,0.7,0.5,1,1.0,1624,2,153.0,618,30,30
1625,0.7,0.5,1,1.0,1625,2,158.5,640,30,30
1626,0.7,0.5,1,1.0,1626,1,333.0,650,30,30
1627,0.7,0.5,1,1.0,1627,3,102.33,625,30,30
1628,0.7,0.5,1,1.0,1628,1,306.0,618,30,30
1629,0.7,0.5,1,1.0,1629,2,156.0,621,30,30
1630,0.7,0.5,1,1.5,1630,3,99.67,615,30,30
1631,0.7,0.5,1,1.5,1631,2,155.0,643,30,30
1632,0.7,0.5,1,1.5,1632,1,317.0,635,30,30
1633,0.7,0.5,1,1.5,1633,2,155.5,622,30,30
1634,0.7,0.5,1,1.5,1634,1,348.0,629,30,30
1635,0.7,0.5,1,1.5,1635,2,172.0,637,30,30
1636,0.7,0.5,1,1.5,1636,2,159.0,621,30,30
1637,0.7,0.5,1,1.5,1637,4,78.0,633,30,30
1638,0.7,0.5,1,1.5,1638,1,322.0,636,30,30
1639,0.7,0.5,1,1.5,1639,1,320.0,607,30,30
1640,0.7,0.5,1,2.0,1640,1,306.0,640,30,30
1641,0.7,0.5,1,2.0,1641,1,306.0,611,30,30
1642,0.7,0.5,1,2.0,1642,2,164.5,646,30,30
1643,0.7,0.5,1,2.0,1643,2,163.5,637,30,30
1644,0.7,0.5,1,2.0,1644,1,305.0,606,30,30
1645,0.7,0.5,1,2.0,1645,1,328.0,644,30,30
1646,0.7,0.5,1,2.0,1646,2,163.5,627,30,30
1647,0.7,0.5,1,2.0,1647,2,159.0,625,30,30
1648,0.7,0.5,1,2.0,1648,2,150.5,622,30,30
1649,0.7,0.5,1,2.0,1649,3,104.33,638,30,30
1650,0.7,0.5,2,0.0,1650,7,44.71,614,30,30
1651,0.7,0.5,2,0.0,1651,7,42.86,618,30,30
1652,0.7,0.5,2,0.0,1652,7,41.0,599,30,30
1653,0.7,0.5,2,0.0,1653,4,78.5,653,30,30
1654,0.7,0.5,2,0.0,1654,4,83.0,627,30,30
1655,0.7,0.5,2,0.0,1655,7,40.86,607,30,30
1656,0.7,0.5,2,0.0,1656,8,38.12,618,30,30
1657,0.7,0.5,2,0.0,1657,2,160.0,621,30,30
1658,0.7,0.5,2,0.0,1658,5,67.2,639,30,30
1659,0.7,0.5,2,0.0,1659,6,53.17,640,30,30
1660,0.7,0.5,2,0.5,1660,1,323.0,639,30,30
1661,0.7,0.5,2,0.5,1661,2,158.5,636,30,30
1662,0.7,0.5,2,0.5,1662,3,102.67,608,30,30
1663,0.7,0.5,2,0.5,1663,1,309.0,635,30,30
1664,0.7,0.5,2,0.5,1664,3,99.67,643,30,30
1665,0.7,0.5,2,0.5,1665,2,147.5,626,30,30
1666,0.7,0.5,2,0.5,1666,2,158.0,634,30,30
1667,0.7,0.5,2,0.5,1667,2,163.5,641,30,30
1668,0.7,0.5,2,0.5,1668,2,154.0,624,30,30
1669,0.7,0.5,2,0.5,1669,2,148.5,629,30,30
1670,0.7,0.5,2,1.0,1670,2,141.5,646,30,30
1671,0.7,0.5,2,1.0,1671,2,153.5,632,30,30
1672,0.7,0.5,2,1.0,1672,1,328.0,635,30,30
1673,0.7,0.5,2,1.0,1673,2,159.0,621,30,30
1674,0.7,0.5,2,1.0,1674,3,105.67,630,30,30
1675,0.7,0.5,2,1.0,1675,3,105.0,648,30,30
1676,0.7,0.5,2,1.0,1676,1,340.0,641,30,30
1677,0.7,0.5,2,1.0,1677,2,154.5,618,30,30
1678,0.7,0.5,2,1.0,1678,2,159.5,624,30,30
1679,0.7,0.5,2,1.0,1679,1,309.0,637,30,30
1680,0.7,0.5,2,1.5,1680,1,316.0,614,30,30
1681,0.7,0.5,2,1.5,1681,2,153.0,602,30,30
1682,0.7,0.5,2,1.5,1682,1,306.0,648,30,30
1683,0.7,0.5,2,1.5,1683,1,319.0,632,30,30
1684,0.7,0.5,2,1.5,1684,2,152.5,628,30,30
1685,0.7,0.5,2,1.5,1685,2,159.0,637,30,30
1686,0.7,0.5,2,1.5,1686,1,281.0,622,30,30
1687,0.7,0.5,2,1.5,1687,1,322.0,645,30,30
1688,0.7,0.5,2,1.5,1688,1,325.0,655,30,30
1689,0.7,0.5,2,1.5,1689,1,294.0,642,30,30
1690,0.7,0.5,2,2.0,1690,1,337.0,631,30,30
1691,0.7,0.5,2,2.0,1691,1,302.0,621,30,30
1692,0.7,0.5,2,2.0,1692,1,325.0,633,30,30
1693,0.7,0.5,2,2.0,1693,1,299.0,625,30,30
1694,0.7,0.5,2,2.0,1694,1,293.0,603,30,30
1695,0.7,0.5,2,2.0,1695,2,162.5,613,30,30
1696,0.7,0.5,2,2.0,1696,1,311.0,632,30,30
1697,0.7,0.5,2,2.0,1697,1,321.0,623,30,30
1698,0.7,0.5,2,2.0,1698,2,147.0,622,30,30
1699,0.7,0.5,2,2.0,1699,2,171.0,655,30,30
1700,0.7,0.5,3,0.0,1700,5,67.8,652,30,30
1701,0.7,0.5,3,0.0,1701,2,175.5,645,30,30
1702,0.7,0.5,3,0.0,1702,2,156.5,601,30,30
1703,0.7,0.5,3,0.0,1703,2,166.0,648,30,30
1704,0.7,0.5,3,0.0,1704,1,313.0,650,30,30
1705,0.7,0.5,3,0.0,1705,3,106.0,635,30,30
1706,0.7,0.5,3,0.0,1706,3,109.33,606,30,30
1707,0.7,0.5,3,0.0,1707,3,109.67,626,30,30
1708,0.7,0.5,3,0.0,1708,5,61.4,626,30,30
1709,0.7,0.5,3,0.0,1709,5,65.2,627,30,30
1710,0.7,0.5,3,0.5,1710,1,303.0,627,30,30
1711,0.7,0.5,3,0.5,1711,2,153.5,614,30,30
1712,0.7,0.5,3,0.5,1712,1,332.0,651,30,30
1713,0.7,0.5,3,0.5,1713,2,165.5,640,30,30
1714,0.7,0.5,3,0.5,1714,3,96.33,620,30,30
1715,0.7,0.5,3,0.5,1715,2,162.5,654,30,30
1716,0.7,0.5,3,0.5,1716,1,329.0,647,30,30
1717,0.7,0.5,3,0.5,1717,4,78.0,607,30,30
1718,0.7,0.5,3,0.5,1718,1,316.0,629,30,30
1719,0.7,0.5,3,0.5,1719,2,152.5,615,30,30
1720,0.7,0.5,3,1.0,1720,2,157.0,647,30,30
1721,0.7,0.5,3,1.0,1721,1,279.0,598,30,30
1722,0.7,0.5,3,1.0,1722,1,317.0,635,30,30
1723,0.7,0.5,3,1.0,1723,1,310.0,637,30,30
1724,0.7,0.5,3,1.0,1724,2,158.5,626,30,30
1725,0.7,0.5,3,1.0,1725,1,318.0,639,30,30
1726,0.7,0.5,3,1.0,1726,2,148.0,628,30,30
1727,0.7,0.5,3,1.0,1727,1,317.0,629,30,30
1728,0.7,0.5,3,1.0,1728,1,278.0,625,30,30
1729,0.7,0.5,3,1.0,1729,1,351.0,650,30,30
1730,0.7,0.5,3,1.5,1730,24,14.0,295,30,30
1731,0.7,0.5,3,1.5,1731,34,9.21,173,30,30
1732,0.7,0.5,3,1.5,1732,26,12.46,298,30,30
1733,0.7,0.5,3,1.5,1733,25,13.2,237,30,30
1734,0.7,0.5,3,1.5,1734,26,11.62,271,30,30
1735,0.7,0.5,3,1.5,1735,26,12.0,144,30,30
1736,0.7,0.5,3,1.5,1736,22,15.5,269,30,30
1737,0.7,0.5,3,1.5,1737,29,11.31,238,30,30
1738,0.7,0.5,3,1.5,1738,30,10.73,193,30,30
1739,0.7,0.5,3,1.5,1739,24,12.17,347,30,30
1740,0.7,0.5,3,2.0,1740,23,14.26,129,30,30
1741,0.7,0.5,3,2.0,1741,26,12.35,95,30,30
1742,0.7,0.5,3,2.0,1742,26,12.5,129,30,30
1743,0.7,0.5,3,2.0,1743,30,10.43,94,30,30
1744,0.7,0.5,3,2.0,1744,28,11.25,93,30,30
1745,0.7,0.5,3,2.0,1745,26,12.46,116,30,30
1746,0.7,0.5,3,2.0,1746,46,6.59,126,30,30
1747,0.7,0.5,3,2.0,1747,26,12.27,125,30,30
1748,0.7,0.5,3,2.0,1748,29,11.0,123,30,30
1749,0.7,0.5,3,2.0,1749,15,22.73,101,30,30
1750,0.7,0.5,4,0.0,1750,1,312.0,621,30,30
1751,0.7,0.5,4,0.0,1751,5,65.2,628,30,30
1752,0.7,0.5,4,0.0,1752,1,328.0,640,30,30
1753,0.7,0.5,4,0.0,1753,1,316.0,624,30,30
1754,0.7,0.5,4,0.0,1754,1,303.0,633,30,30
1755,0.7,0.5,4,0.0,1755,2,152.0,645,30,30
1756,0.7,0.5,4,0.0,1756,2,145.0,614,30,30
1757,0.7,0.5,4,0.0,1757,3,102.33,632,30,30
1758,0.7,0.5,4,0.0,1758,3,103.0,654,30,30
1759,0.7,0.5,4,0.0,1759,3,104.33,618,30,30
1760,0.7,0.5,4,0.5,1760,34,8.62,392,30,30
1761,0.7,0.5,4,0.5,1761,27,12.41,441,30,30
1762,0.7,0.5,4,0.5,1762,17,19.59,486,30,30
1763,0.7,0.5,4,0.5,1763,30,10.2,422,30,30
1764,0.7,0.5,4,0.5,1764,20,15.15,432,30,30
1765,0.7,0.5,4,0.5,1765,34,9.41,383,30,30
1766,0.7,0.5,4,0.5,1766,30,11.07,427,30,30
1767,0.7,0.5,4,0.5,1767,25,12.12,426,30,30
1768,0.7,0.5,4,0.5,1768,39,7.03,358,30,30
1769,0.7,0.5,4,0.5,1769,27,11.33,428,30,30
1770,0.7,0.5,4,1.0,1770,31,10.16,210,30,30
1771,0.7,0.5,4,1.0,1771,25,12.92,135,30,30
1772,0.7,0.5,4,1.0,1772,29,11.34,203,30,30
1773,0.7,0.5,4,1.0,1773,26,12.04,154,30,30
1774,0.7,0.5,4,1.0,1774,21,16.62,181,30,30
1775,0.7,0.5,4,1.0,1775,25,11.92,201,30,30
1776,0.7,0.5,4,1.0,1776,29,10.55,216,30,30
1777,0.7,0.5,4,1.0,1777,27,12.11,216,30,30
1778,0.7,0.5,4,1.0,1778,31,9.87,178,30,30
1779,0.7,0.5,4,1.0,1779,33,9.45,224,30,30
1780,0.7,0.5,4,1.5,1780,31,9.23,31,30,30
1781,0.7,0.5,4,1.5,1781,33,8.88,40,30,30
1782,0.7,0.5,4,1.5,1782,26,12.77,40,30,30
1783,0.7,0.5,4,1.5,1783,21,14.95,37,30,30
1784,0.7,0.5,4,1.5,1784,24,13.54,43,30,30
1785,0.7,0.5,4,1.5,1785,29,11.1,42,30,30
1786,0.7,0.5,4,1.5,1786,19,16.74,34,30,30
1787,0.7,0.5,4,1.5,1787,31,10.52,43,30,30
1788,0.7,0.5,4,1.5,1788,21,15.52,26,30,30
1789,0.7,0.5,4,1.5,1789,34,8.68,31,30,30
1790,0.7,0.5,4,2.0,1790,18,18.72,60,30,30
1791,0.7,0.5,4,2.0,1791,35,9.14,51,30,30
1792,0.7,0.5,4,2.0,1792,31,9.84,36,30,30
1793,0.7,0.5,4,2.0,1793,32,9.78,48,30,30
1794,0.7,0.5,4,2.0,1794,38,7.32,38,30,30
1795,0.7,0.5,4,2.0,1795,31,9.81,32,30,30
1796,0.7,0.5,4,2.0,1796,17,19.41,48,30,30
1797,0.7,0.5,4,2.0,1797,38,8.11,29,30,30
1798,0.7,0.5,4,2.0,1798,35,8.94,31,30,30
1799,0.7,0.5,4,2.0,1799,31,9.84,29,30,30
1800,0.9,0.1,1,0.0,1800,21,3.62,820,30,30
1801,0.9,0.1,1,0.0,1801,28,3.46,806,30,30
1802,0.9,0.1,1,0.0,1802,27,2.74,829,30,30
1803,0.9,0.1,1,0.0,1803,27,3.63,809,30,30
1804,0.9,0.1,1,0.0,1804,21,3.29,811,30,30
1805,0.9,0.1,1,0.0,1805,20,3.85,807,30,30
1806,0.9,0.1,1,0.0,1806,26,3.15,819,30,30
1807,0.9,0.1,1,0.0,1807,27,3.56,821,30,30
1808,0.9,0.1,1,0.0,1808,24,3.75,829,30,30
1809,0.9,0.1,1,0.0,1809,19,3.16,800,30,30
1810,0.9,0.1,1,0.5,1810,55,1.47,747,30,30
1811,0.9,0.1,1,0.5,1811,54,1.43,757,30,30
1812,0.9,0.1,1,0.5,1812,49,1.63,754,30,30
1813,0.9,0.1,1,0.5,1813,36,2.19,771,30,30
1814,0.9,0.1,1,0.5,1814,33,2.15,769,30,30
1815,0.9,0.1,1,0.5,1815,51,1.65,748,30,30
1816,0.9,0.1,1,0.5,1816,59,1.63,746,30,30
1817,0.9,0.1,1,0.5,1817,54,1.67,730,30,30
1818,0.9,0.1,1,0.5,1818,33,2.3,755,30,30
1819,0.9,0.1,1,0.5,1819,46,1.91,745,30,30
1820,0.9,0.1,1,1.0,1820,4,20.5,804,30,30
1821,0.9,0.1,1,1.0,1821,14,4.93,798,30,30
1822,0.9,0.1,1,1.0,1822,2,46.5,805,30,30
1823,0.9,0.1,1,1.0,1823,4,20.5,804,30,30
1824,0.9,0.1,1,1.0,1824,2,36.5,796,30,30
1825,0.9,0.1,1,1.0,1825,5,17.2,802,30,30
1826,0.9,0.1,1,1.0,1826,6,14.0,798,30,30
1827,0.9,0.1,1,1.0,1827,2,42.5,804,30,30
1828,0.9,0.1,1,1.0,1828,2,36.5,802,30,30
1829,0.9,0.1,1,1.0,1829,1,77.0,817,30,30
1830,0.9,0.1,1,1.5,1830,3,28.67,803,30,30
1831,0.9,0.1,1,1.5,1831,3,29.67,807,30,30
1832,0.9,0.1,1,1.5,1832,2,37.0,821,30,30
1833,0.9,0.1,1,1.5,1833,2,37.0,803,30,30
1834,0.9,0.1,1,1.5,1834,4,19.5,802,30,30
1835,0.9,0.1,1,1.5,1835,2,42.5,805,30,30
1836,0.9,0.1,1,1.5,1836,2,40.0,829,30,30
1837,0.9,0.1,1,1.5,1837,3,29.0,797,30,30
1838,0.9,0.1,1,1.5,1838,2,40.0,811,30,30
1839,0.9,0.1,1,1.5,1839,4,23.25,818,30,30
1840,0.9,0.1,1,2.0,1840,3,29.0,820,30,30
1841,0.9,0.1,1,2.0,1841,1,77.0,804,30,30
1842,0.9,0.1,1,2.0,1842,2,46.5,818,30,30
1843,0.9,0.1,1,2.0,1843,3,23.0,807,30,30
1844,0.9,0.1,1,2.0,1844,2,46.0,810,30,30
1845,0.9,0.1,1,2.0,1845,3,26.0,803,30,30
1846,0.9,0.1,1,2.0,1846,3,23.33,803,30,30
1847,0.9,0.1,1,2.0,1847,3,30.33,812,30,30
1848,0.9,0.1,1,2.0,1848,2,37.0,804,30,30
1849,0.9,0.1,1,2.0,1849,3,29.67,808,30,30
1850,0.9,0.1,2,0.0,1850,20,3.5,781,30,30
1851,0.9,0.1,2,0.0,1851,38,2.45,783,30,30
1852,0.9,0.1,2,0.0,1852,26,3.19,802,30,30
1853,0.9,0.1,2,0.0,1853,30,2.73,772,30,30
1854,0.9,0.1,2,0.0,1854,27,2.41,788,30,30
1855,0.9,0.1,2,0.0,1855,45,1.98,772,30,30
1856,0.9,0.1,2,0.0,1856,43,2.19,777,30,30
1857,0.9,0.1,2,0.0,1857,35,2.46,793,30,30
1858,0.9,0.1,2,0.0,1858,35,2.34,785,30,30
1859,0.9,0.1,2,0.0,1859,23,3.17,789,30,30
1860,0.9,0.1,2,0.5,1860,26,3.12,767,30,30
1861,0.9,0.1,2,0.5,1861,41,2.17,751,30,30
1862,0.9,0.1,2,0.5,1862,36,2.17,762,30,30
1863,0.9,0.1,2,0.5,1863,41,2.12,759,30,30
1864,0.9,0.1,2,0.5,1864,44,1.93,753,30,30
1865,0.9,0.1,2,0.5,1865,38,2.18,763,30,30
1866,0.9,0.1,2,0.5,1866,40,1.88,742,30,30
1867,0.9,0.1,2,0.5,1867,48,1.88,724,30,30
1868,0.9,0.1,2,0.5,1868,32,2.31,763,30,30
1869,0.9,0.1,2,0.5,1869,41,1.85,750,30,30
1870,0.9,0.1,2,1.0,1870,1,78.0,814,30,30
1871,0.9,0.1,2,1.0,1871,8,8.75,804,30,30
1872,0.9,0.1,2,1.0,1872,2,38.5,809,30,30
1873,0.9,0.1,2,1.0,1873,2,41.5,822,30,30
1874,0.9,0.1,2,1.0,1874,4,21.75,796,30,30
1875,0.9,0.1,2,1.0,1875,4,18.75,806,30,30
1876,0.9,0.1,2,1.0,1876,13,6.92,797,30,30
1877,0.9,0.1,2,1.0,1877,7,9.71,807,30,30
1878,0.9,0.1,2,1.0,1878,7,10.71,799,30,30
1879,0.9,0.1,2,1.0,1879,1,82.0,816,30,30
1880,0.9,0.1,2,1.5,1880,1,80.0,815,30,30
1881,0.9,0.1,2,1.5,1881,2,44.0,809,30,30
1882,0.9,0.1,2,1.5,1882,2,34.5,796,30,30
1883,0.9,0.1,2,1.5,1883,2,41.0,801,30,30
1884,0.9,0.1,2,1.5,1884,3,31.0,803,30,30
1885,0.9,0.1,2,1.5,1885,2,45.0,821,30,30
1886,0.9,0.1,2,1.5,1886,1,98.0,820,30,30
1887,0.9,0.1,2,1.5,1887,2,46.5,799,30,30
1888,0.9,0.1,2,1.5,1888,2,40.0,809,30,30
1889,0.9,0.1,2,1.5,1889,3,30.0,813,30,30
1890,0.9,0.1,2,2.0,1890,1,65.0,807,30,30
1891,0.9,0.1,2,2.0,1891,2,42.5,791,30,30
1892,0.9,0.1,2,2.0,1892,1,82.0,818,30,30
1893,0.9,0.1,2,2.0,1893,1,79.0,829,30,30
1894,0.9,0.1,2,2.0,1894,1,81.0,819,30,30
1895,0.9,0.1,2,2.0,1895,1,90.0,813,30,30
1896,0.9,0.1,2,2.0,1896,1,88.0,797,30,30
1897,0.9,0.1,2,2.0,1897,2,47.0,819,30,30
1898,0.9,0.1,2,2.0,1898,2,38.5,810,30,30
1899,0.9,0.1,2,2.0,1899,1,80.0,807,30,30
1900,0.9,0.1,3,0.0,1900,51,1.57,729,30,30
1901,0.9,0.1,3,0.0,1901,47,1.7,730,30,30
1902,0.9,0.1,3,0.0,1902,50,1.58,737,30,30
1903,0.9,0.1,3,0.0,1903,55,1.44,746,30,30
1904,0.9,0.1,3,0.0,1904,52,1.58,738,30,30
1905,0.9,0.1,3,0.0,1905,63,1.4,728,30,30
1906,0.9,0.1,3,0.0,1906,57,1.4,733,30,30
1907,0.9,0.1,3,0.0,1907,40,1.6,755,30,30
1908,0.9,0.1,3,0.0,1908,53,1.6,738,30,30
1909,0.9,0.1,3,0.0,1909,46,1.54,752,30,30
1910,0.9,0.1,3,0.5,1910,2,37.0,817,30,30
1911,0.9,0.1,3,0.5,1911,2,42.5,813,30,30
1912,0.9,0.1,3,0.5,1912,1,67.0,813,30,30
1913,0.9,0.1,3,0.5,1913,2,39.5,811,30,30
1914,0.9,0.1,3,0.5,1914,2,45.5,826,30,30
1915,0.9,0.1,3,0.5,1915,4,24.0,815,30,30
1916,0.9,0.1,3,0.5,1916,34,2.56,765,30,30
1917,0.9,0.1,3,0.5,1917,1,77.0,789,30,30
1918,0.9,0.1,3,0.5,1918,12,7.0,790,30,30
1919,0.9,0.1,3,0.5,1919,7,14.14,784,30,30
1920,0.9,0.1,3,1.0,1920,1,78.0,795,30,30
1921,0.9,0.1,3,1.0,1921,2,45.5,824,30,30
1922,0.9,0.1,3,1.0,1922,2,46.5,817,30,30
1923,0.9,0.1,3,1.0,1923,1,76.0,811,30,30
1924,0.9,0.1,3,1.0,1924,1,84.0,802,30,30
1925,0.9,0.1,3,1.0,1925,2,44.0,828,30,30
1926,0.9,0.1,3,1.0,1926,1,84.0,809,30,30
1927,0.9,0.1,3,1.0,1927,2,46.5,809,30,30
1928,0.9,0.1,3,1.0,1928,2,39.5,797,30,30
1929,0.9,0.1,3,1.0,1929,1,71.0,800,30,30
1930,0.9,0.1,3,1.5,1930,9,8.22,739,30,30
1931,0.9,0.1,3,1.5,1931,18,4.33,654,30,30
1932,0.9,0.1,3,1.5,1932,12,8.0,667,30,30
1933,0.9,0.1,3,1.5,1933,23,4.17,628,30,30
1934,0.9,0.1,3,1.5,1934,9,9.56,690,30,30
1935,0.9,0.1,3,1.5,1935,15,5.0,673,30,30
1936,0.9,0.1,3,1.5,1936,20,4.85,684,30,30
1937,0.9,0.1,3,1.5,1937,11,6.82,701,30,30
1938,0.9,0.1,3,1.5,1938,18,4.28,660,30,30
1939,0.9,0.1,3,1.5,1939,12,6.08,714,30,30
1940,0.9,0.1,3,2.0,1940,25,2.76,646,30,30
1941,0.9,0.1,3,2.0,1941,18,3.67,672,30,30
1942,0.9,0.1,3,2.0,1942,17,4.88,654,30,30
1943,0.9,0.1,3,2.0,1943,25,3.72,610,30,30
1944,0.9,0.1,3,2.0,1944,20,4.5,647,30,30
1945,0.9,0.1,3,2.0,1945,18,4.5,678,30,30
1946,0.9,0.1,3,2.0,1946,20,4.0,659,30,30
1947,0.9,0.1,3,2.0,1947,16,5.19,636,30,30
1948,0.9,0.1,3,2.0,1948,23,3.83,627,30,30
1949,0.9,0.1,3,2.0,1949,18,3.89,665,30,30
1950,0.9,0.1,4,0.0,1950,41,2.22,730,30,30
1951,0.9,0.1,4,0.0,1951,44,1.8,759,30,30
1952,0.9,0.1,4,0.0,1952,35,1.89,742,30,30
1953,0.9,0.1,4,0.0,1953,41,1.85,737,30,30
1954,0.9,0.1,4,0.0,1954,36,2.0,749,30,30
1955,0.9,0.1,4,0.0,1955,59,1.47,724,30,30
1956,0.9,0.1,4,0.0,1956,52,1.63,722,30,30
1957,0.9,0.1,4,0.0,1957,40,1.88,754,30,30
1958,0.9,0.1,4,0.0,1958,55,1.53,731,30,30
1959,0.9,0.1,4,0.0,1959,33,2.21,757,30,30
1960,0.9,0.1,4,0.5,1960,11,5.55,759,30,30
1961,0.9,0.1,4,0.5,1961,13,5.69,778,30,30
1962,0.9,0.1,4,0.5,1962,12,7.33,747,30,30
1963,0.9,0.1,4,0.5,1963,14,5.71,763,30,30
1964,0.9,0.1,4,0.5,1964,10,8.6,728,30,30
1965,0.9,0.1,4,0.5,1965,10,6.9,763,30,30
1966,0.9,0.1,4,0.5,1966,10,9.2,723,30,30
1967,0.9,0.1,4,0.5,1967,7,11.86,737,30,30
1968,0.9,0.1,4,0.5,1968,9,8.67,761,30,30
1969,0.9,0.1,4,0.5,1969,9,8.0,764,30,30
1970,0.9,0.1,4,1.0,1970,12,7.08,670,30,30
1971,0.9,0.1,4,1.0,1971,14,5.71,671,30,30
1972,0.9,0.1,4,1.0,1972,18,4.56,665,30,30
1973,0.9,0.1,4,1.0,1973,18,4.44,670,30,30
1974,0.9,0.1,4,1.0,1974,15,5.6,657,30,30
1975,0.9,0.1,4,1.0,1975,19,4.26,666,30,30
1976,0.9,0.1,4,1.0,1976,19,4.26,684,30,30
1977,0.9,0.1,4,1.0,1977,17,5.35,657,30,30
1978,0.9,0.1,4,1.0,1978,17,4.82,660,30,30
1979,0.9,0.1,4,1.0,1979,20,4.1,679,30,30
1980,0.9,0.1,4,1.5,1980,31,3.03,584,30,30
1981,0.9,0.1,4,1.5,1981,27,2.89,611,30,30
1982,0.9,0.1,4,1.5,1982,25,4.0,588,30,30
1983,0.9,0.1,4,1.5,1983,16,5.25,636,30,30
1984,0.9,0.1,4,1.5,1984,27,3.15,598,30,30
1985,0.9,0.1,4,1.5,1985,30,2.47,614,30,30
1986,0.9,0.1,4,1.5,1986,24,3.25,627,30,30
1987,0.9,0.1,4,1.5,1987,22,3.5,624,30,30
1988,0.9,0.1,4,1.5,1988,23,3.13,642,30,30
1989,0.9,0.1,4,1.5,1989,17,4.41,638,30,30
1990,0.9,0.1,4,2.0,1990,18,4.5,614,30,30
1991,0.9,0.1,4,2.0,1991,24,3.0,646,30,30
1992,0.9,0.1,4,2.0,1992,21,3.29,625,30,30
1993,0.9,0.1,4,2.0,1993,22,3.32,631,30,30
1994,0.9,0.1,4,2.0,1994,27,3.04,608,30,30
1995,0.9,0.1,4,2.0,1995,21,3.57,626,30,30
1996,0.9,0.1,4,2.0,1996,25,3.72,591,30,30
1997,0.9,0.1,4,2.0,1997,19,4.26,635,30,30
1998,0.9,0.1,4,2.0,1998,23,3.43,615,30,30
1999,0.9,0.1,4,2.0,1999,16,5.62,626,30,30
2000,0.9,0.3,1,0.0,2000,24,10.75,812,30,30
2001,0.9,0.3,1,0.0,2001,32,7.69,807,30,30
2002,0.9,0.3,1,0.0,2002,34,6.71,822,30,30
2003,0.9,0.3,1,0.0,2003,25,10.48,817,30,30
2004,0.9,0.3,1,0.0,2004,28,9.29,819,30,30
2005,0.9,0.3,1,0.0,2005,29,8.41,824,30,30
2006,0.9,0.3,1,0.0,2006,35,6.46,824,30,30
2007,0.9,0.3,1,0.0,2007,34,7.21,809,30,30
2008,0.9,0.3,1,0.0,2008,31,7.68,820,30,30
2009,0.9,0.3,1,0.0,2009,22,11.32,805,30,30
2010,0.9,0.3,1,0.5,2010,6,38.17,814,30,30
2011,0.9,0.3,1,0.5,2011,5,49.0,817,30,30
2012,0.9,0.3,1,0.5,2012,7,38.86,810,30,30
2013,0.9,0.3,1,0.5,2013,6,42.83,811,30,30
2014,0.9,0.3,1,0.5,2014,8,28.12,809,30,30
2015,0.9,0.3,1,0.5,2015,18,12.83,800,30,30
2016,0.9,0.3,1,0.5,2016,5,53.4,802,30,30
2017,0.9,0.3,1,0.5,2017,9,26.56,809,30,30
2018,0.9,0.3,1,0.5,2018,10,23.4,813,30,30
2019,0.9,0.3,1,0.5,2019,16,14.38,794,30,30
2020,0.9,0.3,1,1.0,2020,2,122.0,816,30,30
2021,0.9,0.3,1,1.0,2021,4,57.75,803,30,30
2022,0.9,0.3,1,1.0,2022,4,60.75,808,30,30
2023,0.9,0.3,1,1.0,2023,3,81.0,816,30,30
2024,0.9,0.3,1,1.0,2024,3,82.33,813,30,30
2025,0.9,0.3,1,1.0,2025,4,59.0,805,30,30
2026,0.9,0.3,1,1.0,2026,3,88.33,824,30,30
2027,0.9,0.3,1,1.0,2027,2,122.5,802,30,30
2028,0.9,0.3,1,1.0,2028,5,45.4,797,30,30
2029,0.9,0.3,1,1.0,2029,4,62.25,814,30,30
2030,0.9,0.3,1,1.5,2030,2,126.0,810,30,30
2031,0.9,0.3,1,1.5,2031,1,237.0,799,30,30
2032,0.9,0.3,1,1.5,2032,2,125.0,809,30,30
2033,0.9,0.3,1,1.5,2033,2,118.0,807,30,30
2034,0.9,0.3,1,1.5,2034,3,78.67,807,30,30
2035,0.9,0.3,1,1.5,2035,2,129.5,818,30,30
2036,0.9,0.3,1,1.5,2036,3,87.33,809,30,30
2037,0.9,0.3,1,1.5,2037,1,227.0,804,30,30
2038,0.9,0.3,1,1.5,2038,2,121.0,797,30,30
2039,0.9,0.3,1,1.5,2039,2,128.0,806,30,30
2040,0.9,0.3,1,2.0,2040,2,118.5,803,30,30
2041,0.9,0.3,1,2.0,2041,1,253.0,813,30,30
2042,0.9,0.3,1,2.0,2042,2,128.0,804,30,30
2043,0.9,0.3,1,2.0,2043,2,115.0,824,30,30
2044,0.9,0.3,1,2.0,2044,2,117.5,820,30,30
2045,0.9,0.3,1,2.0,2045,1,229.0,812,30,30
2046,0.9,0.3,1,2.0,2046,1,237.0,811,30,30
2047,0.9,0.3,1,2.0,2047,1,240.0,807,30,30
2048,0.9,0.3,1,2.0,2048,1,261.0,806,30,30
2049,0.9,0.3,1,2.0,2049,1,236.0,790,30,30
2050,0.9,0.3,2,0.0,2050,12,19.33,820,30,30
2051,0.9,0.3,2,0.0,2051,7,36.86,819,30,30
2052,0.9,0.3,2,0.0,2052,11,21.82,804,30,30
2053,0.9,0.3,2,0.0,2053,9,27.67,809,30,30
2054,0.9,0.3,2,0.0,2054,11,23.82,815,30,30
2055,0.9,0.3,2,0.0,2055,9,26.89,810,30,30
2056,0.9,0.3,2,0.0,2056,5,49.4,797,30,30
2057,0.9,0.3,2,0.0,2057,7,32.43,810,30,30
2058,0.9,0.3,2,0.0,2058,17,13.18,804,30,30
2059,0.9,0.3,2,0.0,2059,12,20.17,801,30,30
2060,0.9,0.3,2,0.5,2060,28,7.96,768,30,30
2061,0.9,0.3,2,0.5,2061,21,11.71,793,30,30
2062,0.9,0.3,2,0.5,2062,8,29.38,796,30,30
2063,0.9,0.3,2,0.5,2063,24,9.54,771,30,30
2064,0.9,0.3,2,0.5,2064,16,15.81,798,30,30
2065,0.9,0.3,2,0.5,2065,4,59.75,795,30,30
2066,0.9,0.3,2,0.5,2066,4,61.0,797,30,30
2067,0.9,0.3,2,0.5,2067,19,12.0,778,30,30
2068,0.9,0.3,2,0.5,2068,13,19.46,798,30,30
2069,0.9,0.3,2,0.5,2069,6,40.33,799,30,30
2070,0.9,0.3,2,1.0,2070,2,108.5,803,30,30
2071,0.9,0.3,2,1.0,2071,2,122.0,800,30,30
2072,0.9,0.3,2,1.0,2072,1,204.0,798,30,30
2073,0.9,0.3,2,1.0,2073,2,120.5,807,30,30
2074,0.9,0.3,2,1.0,2074,1,240.0,814,30,30
2075,0.9,0.3,2,1.0,2075,2,120.0,817,30,30
2076,0.9,0.3,2,1.0,2076,1,259.0,810,30,30
2077,0.9,0.3,2,1.0,2077,2,119.0,806,30,30
2078,0.9,0.3,2,1.0,2078,2,121.5,819,30,30
2079,0.9,0.3,2,1.0,2079,2,121.5,823,30,30
2080,0.9,0.3,2,1.5,2080,1,260.0,802,30,30
2081,0.9,0.3,2,1.5,2081,1,260.0,821,30,30
2082,0.9,0.3,2,1.5,2082,1,248.0,807,30,30
2083,0.9,0.3,2,1.5,2083,1,232.0,809,30,30
2084,0.9,0.3,2,1.5,2084,2,114.5,797,30,30
2085,0.9,0.3,2,1.5,2085,1,235.0,816,30,30
2086,0.9,0.3,2,1.5,2086,1,273.0,830,30,30
2087,0.9,0.3,2,1.5,2087,1,265.0,811,30,30
2088,0.9,0.3,2,1.5,2088,1,252.0,809,30,30
2089,0.9,0.3,2,1.5,2089,2,118.0,798,30,30
2090,0.9,0.3,2,2.0,2090,1,233.0,809,30,30
2091,0.9,0.3,2,2.0,2091,1,227.0,821,30,30
2092,0.9,0.3,2,2.0,2092,1,262.0,812,30,30
2093,0.9,0.3,2,2.0,2093,1,241.0,805,30,30
2094,0.9,0.3,2,2.0,2094,2,131.0,784,30,30
2095,0.9,0.3,2,2.0,2095,1,249.0,816,30,30
2096,0.9,0.3,2,2.0,2096,2,120.5,788,30,30
2097,0.9,0.3,2,2.0,2097,1,263.0,803,30,30
2098,0.9,0.3,2,2.0,2098,3,79.67,759,30,30
2099,0.9,0.3,2,2.0,2099,1,218.0,796,30,30
2100,0.9,0.3,3,0.0,2100,34,7.18,738,30,30
2101,0.9,0.3,3,0.0,2101,33,7.45,743,30,30
2102,0.9,0.3,3,0.0,2102,35,7.09,769,30,30
2103,0.9,0.3,3,0.0,2103,46,5.35,705,30,30
2104,0.9,0.3,3,0.0,2104,39,6.41,741,30,30
2105,0.9,0.3,3,0.0,2105,47,4.6,731,30,30
2106,0.9,0.3,3,0.0,2106,37,6.81,753,30,30
2107,0.9,0.3,3,0.0,2107,37,5.86,737,30,30
2108,0.9,0.3,3,0.0,2108,43,5.56,730,30,30
2109,0.9,0.3,3,0.0,2109,41,5.9,742,30,30
2110,0.9,0.3,3,0.5,2110,1,237.0,800,30,30
2111,0.9,0.3,3,0.5,2111,2,118.0,805,30,30
2112,0.9,0.3,3,0.5,2112,1,271.0,810,30,30
2113,0.9,0.3,3,0.5,2113,3,77.33,788,30,30
2114,0.9,0.3,3,0.5,2114,1,257.0,819,30,30
2115,0.9,0.3,3,0.5,2115,3,83.67,809,30,30
2116,0.9,0.3,3,0.5,2116,1,280.0,826,30,30
2117,0.9,0.3,3,0.5,2117,2,118.0,788,30,30
2118,0.9,0.3,3,0.5,2118,1,247.0,811,30,30
2119,0.9,0.3,3,0.5,2119,1,241.0,820,30,30
2120,0.9,0.3,3,1.0,2120,1,253.0,817,30,30
2121,0.9,0.3,3,1.0,2121,1,226.0,791,30,30
2122,0.9,0.3,3,1.0,2122,1,258.0,817,30,30
2123,0.9,0.3,3,1.0,2123,1,264.0,824,30,30
2124,0.9,0.3,3,1.0,2124,2,126.0,807,30,30
2125,0.9,0.3,3,1.0,2125,2,126.5,800,30,30
2126,0.9,0.3,3,1.0,2126,1,257.0,812,30,30
2127,0.9,0.3,3,1.0,2127,1,223.0,802,30,30
2128,0.9,0.3,3,1.0,2128,1,224.0,810,30,30
2129,0.9,0.3,3,1.0,2129,1,255.0,821,30,30
2130,0.9,0.3,3,1.5,2130,12,20.75,692,30,30
2131,0.9,0.3,3,1.5,2131,5,52.4,682,30,30
2132,0.9,0.3,3,1.5,2132,7,33.14,650,30,30
2133,0.9,0.3,3,1.5,2133,9,26.78,628,30,30
2134,0.9,0.3,3,1.5,2134,7,33.43,659,30,30
2135,0.9,0.3,3,1.5,2135,12,21.0,627,30,30
2136,0.9,0.3,3,1.5,2136,8,27.88,619,30,30
2137,0.9,0.3,3,1.5,2137,10,24.1,633,30,30
2138,0.9,0.3,3,1.5,2138,8,27.62,598,30,30
2139,0.9,0.3,3,1.5,2139,13,17.31,519,30,30
2140,0.9,0.3,3,2.0,2140,31,7.77,302,30,30
2141,0.9,0.3,3,2.0,2141,32,7.34,293,30,30
2142,0.9,0.3,3,2.0,2142,30,8.67,268,30,30
2143,0.9,0.3,3,2.0,2143,19,12.58,324,30,30
2144,0.9,0.3,3,2.0,2144,21,11.9,295,30,30
2145,0.9,0.3,3,2.0,2145,25,9.12,334,30,30
2146,0.9,0.3,3,2.0,2146,28,8.75,295,30,30
2147,0.9,0.3,3,2.0,2147,24,9.29,367,30,30
2148,0.9,0.3,3,2.0,2148,33,7.97,226,30,30
2149,0.9,0.3,3,2.0,2149,29,8.0,319,30,30
2150,0.9,0.3,4,0.0,2150,24,9.62,776,30,30
2151,0.9,0.3,4,0.0,2151,28,8.0,777,30,30
2152,0.9,0.3,4,0.0,2152,16,14.25,760,30,30
2153,0.9,0.3,4,0.0,2153,10,25.5,791,30,30
2154,0.9,0.3,4,0.0,2154,28,8.64,764,30,30
2155,0.9,0.3,4,0.0,2155,20,11.75,788,30,30
2156,0.9,0.3,4,0.0,2156,12,19.58,800,30,30
2157,0.9,0.3,4,0.0,2157,6,37.5,803,30,30
2158,0.9,0.3,4,0.0,2158,25,9.44,784,30,30
2159,0.9,0.3,4,0.0,2159,24,10.33,780,30,30
2160,0.9,0.3,4,0.5,2160,6,39.33,762,30,30
2161,0.9,0.3,4,0.5,2161,5,45.4,749,30,30
2162,0.9,0.3,4,0.5,2162,2,124.5,757,30,30
2163,0.9,0.3,4,0.5,2163,6,35.83,756,30,30
2164,0.9,0.3,4,0.5,2164,7,33.86,745,30,30
2165,0.9,0.3,4,0.5,2165,13,17.62,729,30,30
2166,0.9,0.3,4,0.5,2166,7,34.71,713,30,30
2167,0.9,0.3,4,0.5,2167,11,20.91,711,30,30
2168,0.9,0.3,4,0.5,2168,10,23.9,730,30,30
2169,0.9,0.3,4,0.5,2169,3,77.67,752,30,30
2170,0.9,0.3,4,1.0,2170,7,35.14,642,30,30
2171,0.9,0.3,4,1.0,2171,11,19.45,628,30,30
2172,0.9,0.3,4,1.0,2172,7,37.57,615,30,30
2173,0.9,0.3,4,1.0,2173,7,31.86,661,30,30
2174,0.9,0.3,4,1.0,2174,11,21.55,650,30,30
2175,0.9,0.3,4,1.0,2175,8,28.62,636,30,30
2176,0.9,0.3,4,1.0,2176,10,23.4,586,30,30
2177,0.9,0.3,4,1.0,2177,6,41.17,605,30,30
2178,0.9,0.3,4,1.0,2178,12,20.67,603,30,30
2179,0.9,0.3,4,1.0,2179,10,23.8,666,30,30
2180,0.9,0.3,4,1.5,2180,23,10.78,238,30,30
2181,0.9,0.3,4,1.5,2181,27,9.07,258,30,30
2182,0.9,0.3,4,1.5,2182,21,10.9,315,30,30
2183,0.9,0.3,4,1.5,2183,27,8.89,261,30,30
2184,0.9,0.3,4,1.5,2184,29,7.62,302,30,30
2185,0.9,0.3,4,1.5,2185,27,8.59,295,30,30
2186,0.9,0.3,4,1.5,2186,35,7.63,220,30,30
2187,0.9,0.3,4,1.5,2187,25,9.32,276,30,30
2188,0.9,0.3,4,1.5,2188,23,11.57,233,30,30
2189,0.9,0.3,4,1.5,2189,38,6.61,228,30,30
2190,0.9,0.3,4,2.0,2190,25,10.36,243,30,30
2191,0.9,0.3,4,2.0,2191,22,10.86,293,30,30
2192,0.9,0.3,4,2.0,2192,37,5.97,305,30,30
2193,0.9,0.3,4,2.0,2193,23,10.22,291,30,30
2194,0.9,0.3,4,2.0,2194,26,9.15,212,30,30
2195,0.9,0.3,4,2.0,2195,28,8.21,322,30,30
2196,0.9,0.3,4,2.0,2196,23,10.3,254,30,30
2197,0.9,0.3,4,2.0,2197,26,9.46,251,30,30
2198,0.9,0.3,4,2.0,2198,38,5.66,292,30,30
2199,0.9,0.3,4,2.0,2199,35,6.34,294,30,30
2200,0.9,0.5,1,0.0,2200,5,80.8,822,30,30
2201,0.9,0.5,1,0.0,2201,2,200.0,814,30,30
2202,0.9,0.5,1,0.0,2202,3,138.0,818,30,30
2203,0.9,0.5,1,0.0,2203,5,82.0,797,30,30
2204,0.9,0.5,1,0.0,2204,2,214.0,797,30,30
2205,0.9,0.5,1,0.0,2205,3,136.0,810,30,30
2206,0.9,0.5,1,0.0,2206,2,217.0,821,30,30
2207,0.9,0.5,1,0.0,2207,6,66.17,807,30,30
2208,0.9,0.5,1,0.0,2208,9,41.0,808,30,30
2209,0.9,0.5,1,0.0,2209,1,408.0,798,30,30
2210,0.9,0.5,1,0.5,2210,1,419.0,819,30,30
2211,0.9,0.5,1,0.5,2211,2,207.5,797,30,30
2212,0.9,0.5,1,0.5,2212,1,404.0,822,30,30
2213,0.9,0.5,1,0.5,2213,3,139.33,825,30,30
2214,0.9,0.5,1,0.5,2214,1,418.0,813,30,30
2215,0.9,0.5,1,0.5,2215,3,133.0,813,30,30
2216,0.9,0.5,1,0.5,2216,1,404.0,805,30,30
2217,0.9,0.5,1,0.5,2217,3,140.0,805,30,30
2218,0.9,0.5,1,0.5,2218,2,208.5,818,30,30
2219,0.9,0.5,1,0.5,2219,2,193.5,816,30,30
2220,0.9,0.5,1,1.0,2220,1,397.0,815,30,30
2221,0.9,0.5,1,1.0,2221,1,406.0,801,30,30
2222,0.9,0.5,1,1.0,2222,1,385.0,807,30,30
2223,0.9,0.5,1,1.0,2223,1,423.0,815,30,30
2224,0.9,0.5,1,1.0,2224,1,414.0,817,30,30
2225,0.9,0.5,1,1.0,2225,2,208.0,808,30,30
2226,0.9,0.5,1,1.0,2226,1,418.0,810,30,30
2227,0.9,0.5,1,1.0,2227,2,211.0,820,30,30
2228,0.9,0.5,1,1.0,2228,2,194.0,800,30,30
2229,0.9,0.5,1,1.0,2229,2,212.0,819,30,30
2230,0.9,0.5,1,1.5,2230,1,406.0,828,30,30
2231,0.9,0.5,1,1.5,2231,1,395.0,807,30,30
2232,0.9,0.5,1,1.5,2232,1,421.0,821,30,30
2233,0.9,0.5,1,1.5,2233,1,431.0,813,30,30
2234,0.9,0.5,1,1.5,2234,2,202.5,798,30,30
2235,0.9,0.5,1,1.5,2235,1,440.0,815,30,30
2236,0.9,0.5,1,1.5,2236,1,401.0,814,30,30
2237,0.9,0.5,1,1.5,2237,2,195.0,809,30,30
2238,0.9,0.5,1,1.5,2238,1,410.0,803,30,30
2239,0.9,0.5,1,1.5,2239,1,405.0,811,30,30
2240,0.9,0.5,1,2.0,2240,1,402.0,808,30,30
2241,0.9,0.5,1,2.0,2241,1,395.0,802,30,30
2242,0.9,0.5,1,2.0,2242,1,418.0,813,30,30
2243,0.9,0.5,1,2.0,2243,1,413.0,816,30,30
2244,0.9,0.5,1,2.0,2244,1,379.0,800,30,30
2245,0.9,0.5,1,2.0,2245,1,398.0,801,30,30
2246,0.9,0.5,1,2.0,2246,1,415.0,822,30,30
2247,0.9,0.5,1,2.0,2247,1,417.0,807,30,30
2248,0.9,0.5,1,2.0,2248,1,398.0,806,30,30
2249,0.9,0.5,1,2.0,2249,1,401.0,807,30,30
2250,0.9,0.5,2,0.0,2250,2,191.5,803,30,30
2251,0.9,0.5,2,0.0,2251,1,419.0,814,30,30
2252,0.9,0.5,2,0.0,2252,2,198.0,814,30,30
2253,0.9,0.5,2,0.0,2253,2,208.0,810,30,30
2254,0.9,0.5,2,0.0,2254,2,206.5,809,30,30
2255,0.9,0.5,2,0.0,2255,1,406.0,807,30,30
2256,0.9,0.5,2,0.0,2256,1,386.0,795,30,30
2257,0.9,0.5,2,0.0,2257,1,388.0,789,30,30
2258,0.9,0.5,2,0.0,2258,1,409.0,809,30,30
2259,0.9,0.5,2,0.0,2259,2,215.0,808,30,30
2260,0.9,0.5,2,0.5,2260,1,411.0,813,30,30
2261,0.9,0.5,2,0.5,2261,1,417.0,816,30,30
2262,0.9,0.5,2,0.5,2262,2,204.0,801,30,30
2263,0.9,0.5,2,0.5,2263,1,410.0,822,30,30
2264,0.9,0.5,2,0.5,2264,1,399.0,819,30,30
2265,0.9,0.5,2,0.5,2265,2,206.5,815,30,30
2266,0.9,0.5,2,0.5,2266,1,391.0,814,30,30
2267,0.9,0.5,2,0.5,2267,1,413.0,818,30,30
2268,0.9,0.5,2,0.5,2268,3,139.33,804,30,30
2269,0.9,0.5,2,0.5,2269,3,126.0,817,30,30
2270,0.9,0.5,2,1.0,2270,1,397.0,791,30,30
2271,0.9,0.5,2,1.0,2271,1,417.0,812,30,30
2272,0.9,0.5,2,1.0,2272,2,196.0,818,30,30
2273,0.9,0.5,2,1.0,2273,1,420.0,821,30,30
2274,0.9,0.5,2,1.0,2274,1,397.0,817,30,30
2275,0.9,0.5,2,1.0,2275,2,196.0,787,30,30
2276,0.9,0.5,2,1.0,2276,1,450.0,806,30,30
2277,0.9,0.5,2,1.0,2277,1,406.0,815,30,30
2278,0.9,0.5,2,1.0,2278,2,201.0,785,30,30
2279,0.9,0.5,2,1.0,2279,1,385.0,813,30,30
2280,0.9,0.5,2,1.5,2280,1,401.0,812,30,30
2281,0.9,0.5,2,1.5,2281,1,382.0,808,30,30
2282,0.9,0.5,2,1.5,2282,1,426.0,809,30,30
2283,0.9,0.5,2,1.5,2283,1,411.0,801,30,30
2284,0.9,0.5,2,1.5,2284,1,398.0,796,30,30
2285,0.9,0.5,2,1.5,2285,1,438.0,799,30,30
2286,0.9,0.5,2,1.5,2286,1,434.0,813,30,30
2287,0.9,0.5,2,1.5,2287,1,410.0,815,30,30
2288,0.9,0.5,2,1.5,2288,1,389.0,799,30,30
2289,0.9,0.5,2,1.5,2289,1,398.0,812,30,30
2290,0.9,0.5,2,2.0,2290,1,402.0,808,30,30
2291,0.9,0.5,2,2.0,2291,1,400.0,818,30,30
2292,0.9,0.5,2,2.0,2292,1,406.0,813,30,30
2293,0.9,0.5,2,2.0,2293,4,100.75,751,30,30
2294,0.9,0.5,2,2.0,2294,1,406.0,803,30,30
2295,0.9,0.5,2,2.0,2295,1,389.0,806,30,30
2296,0.9,0.5,2,2.0,2296,1,402.0,808,30,30
2297,0.9,0.5,2,2.0,2297,1,425.0,800,30,30
2298,0.9,0.5,2,2.0,2298,3,137.33,751,30,30
2299,0.9,0.5,2,2.0,2299,1,386.0,791,30,30
2300,0.9,0.5,3,0.0,2300,1,430.0,807,30,30
2301,0.9,0.5,3,0.0,2301,1,431.0,806,30,30
2302,0.9,0.5,3,0.0,2302,1,400.0,805,30,30
2303,0.9,0.5,3,0.0,2303,2,200.0,804,30,30
2304,0.9,0.5,3,0.0,2304,2,207.5,809,30,30
2305,0.9,0.5,3,0.0,2305,1,414.0,821,30,30
2306,0.9,0.5,3,0.0,2306,2,211.0,820,30,30
2307,0.9,0.5,3,0.0,2307,6,67.17,821,30,30
2308,0.9,0.5,3,0.0,2308,3,134.67,813,30,30
2309,0.9,0.5,3,0.0,2309,1,419.0,830,30,30
2310,0.9,0.5,3,0.5,2310,1,429.0,814,30,30
2311,0.9,0.5,3,0.5,2311,2,201.0,819,30,30
2312,0.9,0.5,3,0.5,2312,1,408.0,814,30,30
2313,0.9,0.5,3,0.5,2313,1,428.0,823,30,30
2314,0.9,0.5,3,0.5,2314,2,206.0,806,30,30
2315,0.9,0.5,3,0.5,2315,1,381.0,798,30,30
2316,0.9,0.5,3,0.5,2316,1,385.0,806,30,30
2317,0.9,0.5,3,0.5,2317,1,403.0,813,30,30
2318,0.9,0.5,3,0.5,2318,1,410.0,807,30,30
2319,0.9,0.5,3,0.5,2319,1,409.0,806,30,30
2320,0.9,0.5,3,1.0,2320,1,447.0,819,30,30
2321,0.9,0.5,3,1.0,2321,1,393.0,811,30,30
2322,0.9,0.5,3,1.0,2322,1,430.0,817,30,30
2323,0.9,0.5,3,1.0,2323,1,399.0,816,30,30
2324,0.9,0.5,3,1.0,2324,1,393.0,805,30,30
2325,0.9,0.5,3,1.0,2325,1,418.0,823,30,30
2326,0.9,0.5,3,1.0,2326,1,425.0,812,30,30
2327,0.9,0.5,3,1.0,2327,1,396.0,805,30,30
2328,0.9,0.5,3,1.0,2328,1,390.0,808,30,30
2329,0.9,0.5,3,1.0,2329,1,420.0,814,30,30
2330,0.9,0.5,3,1.5,2330,6,68.5,665,30,30
2331,0.9,0.5,3,1.5,2331,11,34.82,626,30,30
2332,0.9,0.5,3,1.5,2332,8,50.0,665,30,30
2333,0.9,0.5,3,1.5,2333,12,33.92,636,30,30
2334,0.9,0.5,3,1.5,2334,8,49.25,641,30,30
2335,0.9,0.5,3,1.5,2335,9,44.22,644,30,30
2336,0.9,0.5,3,1.5,2336,6,70.33,658,30,30
2337,0.9,0.5,3,1.5,2337,5,82.4,642,30,30
2338,0.9,0.5,3,1.5,2338,7,55.86,663,30,30
2339,0.9,0.5,3,1.5,2339,9,46.78,686,30,30
2340,0.9,0.5,3,2.0,2340,6,66.67,128,30,30
2341,0.9,0.5,3,2.0,2341,5,81.0,89,30,30
2342,0.9,0.5,3,2.0,2342,6,67.33,87,30,30
2343,0.9,0.5,3,2.0,2343,8,52.25,121,30,30
2344,0.9,0.5,3,2.0,2344,13,31.0,108,30,30
2345,0.9,0.5,3,2.0,2345,9,44.22,90,30,30
2346,0.9,0.5,3,2.0,2346,7,56.29,95,30,30
2347,0.9,0.5,3,2.0,2347,3,144.0,141,30,30
2348,0.9,0.5,3,2.0,2348,6,71.17,155,30,30
2349,0.9,0.5,3,2.0,2349,6,68.33,84,30,30
2350,0.9,0.5,4,0.0,2350,2,189.0,808,30,30
2351,0.9,0.5,4,0.0,2351,1,400.0,800,30,30
2352,0.9,0.5,4,0.0,2352,1,423.0,806,30,30
2353,0.9,0.5,4,0.0,2353,1,391.0,820,30,30
2354,0.9,0.5,4,0.0,2354,1,420.0,808,30,30
2355,0.9,0.5,4,0.0,2355,1,427.0,815,30,30
2356,0.9,0.5,4,0.0,2356,1,419.0,813,30,30
2357,0.9,0.5,4,0.0,2357,1,375.0,809,30,30
2358,0.9,0.5,4,0.0,2358,1,397.0,803,30,30
2359,0.9,0.5,4,0.0,2359,1,416.0,810,30,30
2360,0.9,0.5,4,0.5,2360,6,66.5,767,30,30
2361,0.9,0.5,4,0.5,2361,4,101.25,752,30,30
2362,0.9,0.5,4,0.5,2362,6,63.17,715,30,30
2363,0.9,0.5,4,0.5,2363,6,63.67,741,30,30
2364,0.9,0.5,4,0.5,2364,6,65.33,749,30,30
2365,0.9,0.5,4,0.5,2365,1,391.0,751,30,30
2366,0.9,0.5,4,0.5,2366,5,76.2,748,30,30
2367,0.9,0.5,4,0.5,2367,7,54.29,746,30,30
2368,0.9,0.5,4,0.5,2368,6,65.83,755,30,30
2369,0.9,0.5,4,0.5,2369,8,52.88,705,30,30
2370,0.9,0.5,4,1.0,2370,8,49.5,640,30,30
2371,0.9,0.5,4,1.0,2371,7,59.86,652,30,30
2372,0.9,0.5,4,1.0,2372,11,35.91,624,30,30
2373,0.9,0.5,4,1.0,2373,13,30.46,625,30,30
2374,0.9,0.5,4,1.0,2374,12,31.92,619,30,30
2375,0.9,0.5,4,1.0,2375,6,67.33,652,30,30
2376,0.9,0.5,4,1.0,2376,5,76.0,640,30,30
2377,0.9,0.5,4,1.0,2377,11,35.27,659,30,30
2378,0.9,0.5,4,1.0,2378,11,36.64,612,30,30
2379,0.9,0.5,4,1.0,2379,5,73.4,600,30,30
2380,0.9,0.5,4,1.5,2380,9,45.78,73,30,30
2381,0.9,0.5,4,1.5,2381,5,79.0,66,30,30
2382,0.9,0.5,4,1.5,2382,11,35.0,58,30,30
2383,0.9,0.5,4,1.5,2383,9,43.56,58,30,30
2384,0.9,0.5,4,1.5,2384,9,46.44,67,30,30
2385,0.9,0.5,4,1.5,2385,13,30.85,113,30,30
2386,0.9,0.5,4,1.5,2386,8,50.88,40,30,30
2387,0.9,0.5,4,1.5,2387,7,59.86,73,30,30
2388,0.9,0.5,4,1.5,2388,5,77.4,65,30,30
2389,0.9,0.5,4,1.5,2389,9,44.67,73,30,30
2390,0.9,0.5,4,2.0,2390,4,109.0,73,30,30
2391,0.9,0.5,4,2.0,2391,8,48.62,70,30,30
2392,0.9,0.5,4,2.0,2392,7,55.71,76,30,30
2393,0.9,0.5,4,2.0,2393,4,99.75,63,30,30
2394,0.9,0.5,4,2.0,2394,8,51.12,67,30,30
2395,0.9,0.5,4,2.0,2395,10,38.9,91,30,30
2396,0.9,0.5,4,2.0,2396,9,45.44,75,30,30
2397,0.9,0.5,4,2.0,2397,4,106.0,55,30,30
2398,0.9,0.5,4,2.0,2398,6,68.33,85,30,30
2399,0.9,0.5,4,2.0,2399,13,29.15,85,30,30
